conflict_id,entity_ids
43063,"[[4689264, 3434750, 5042916, 76972, 11867, 21241, 21148, 4913064, 737, 11125639, 291717, 31717, 5843419], [389363, 737, 4512092]]"
46216,"[[9282173], [13093253, 12047, 24093, 53185055, 24324, 13913]]"
201936,"[[4689264, 679693, 3434750, 21148, 7515928, 22936, 70767, 70789, 25659771, 31717, 899044], [17633, 26215470, 199866, 285632, 2185, 7515849]]"
207031,"[[26215470], [3434750, 31717]]"
312905,"[[9282173, 2906001, 30488708, 1224174, 3462886], [6111879, 290310, 14653, 1285472, 15462262, 24324, 17771, 1266812, 13919, 24324], [1517643, 1780228, 39039263, 7515849], [3434750, 3279967, 17779, 787766, 31769, 14532, 17771, 5843419, 684077]]"
314792,"[[39237, 9282173], [13093253, 5844475, 40863691, 24093, 747345, 11104, 13913]]"
368054,"[[32350676, 1015555, 3434750, 76762, 31816, 31769, 52578782, 5478], [17873743, 27421]]"
401625,"[[3434750], [7515928, 29490]]"
405651,"[[1576797, 3434750, 32087], [7515928, 40596311]]"
472441,"[[13373], [13373, 489124], [3434750]]"
591689,"[[3434750], [748820, 40596311]]"
635918,"[[3434750], [3457, 31750, 26215470]]"
877492,"[[1405778, 1676875, 1199752, 676634, 3672179, 59537, 68306, 76762, 2671190, 17873743, 4581773, 1585376, 1258240], [245423, 1253897, 4422618, 21490998, 30870171, 67050, 29328, 25645, 31816, 1584559, 9450702]]"
881245,"[[3434750], [7515928, 40596311]]"
909500,"[[9282173, 3434750, 27019, 7515928], [7515928, 40596311, 7515849]]"
1101083,"[[78643, 32374, 174712, 286105], [32374, 409121]]"
1138374,"[[3434750, 7515928, 31717], [455441, 1088385, 12786576, 166957, 3285814, 40596311]]"
1145971,"[[3434750, 7515928], [40596311]]"
1147895,"[[3434750], [40596311]]"
1160495,"[[3434750, 7515928], [40596311]]"
1163969,"[[3434750, 7515928], [7515928, 40596311]]"
1164010,"[[3434750, 31717], [7515928, 26215470]]"
1165690,"[[3434750], [40596311]]"
1220919,"[[1576797, 4887, 3434750, 31717], [40596311]]"
1486011,"[[19457, 3454, 14533, 1241164, 451855, 2421391], [29358772, 2942891, 1335473, 43797145, 1416994, 39446246, 19580896, 20583872, 12241100, 53278971, 16293969, 46897180, 427063, 11962570, 642175, 3488351, 1486011, 2257545, 25380421, 41857550, 3771075, 32745522, 5140508, 43001917, 26232439, 23988695]]"
1585788,"[[1199752, 51097859, 1585481, 13787895, 1585376, 65758310], [1015555, 9317, 1585508, 4422618, 4498750, 8029, 76762, 2219252, 31816, 31769, 9450702]]"
1606497,"[[12186, 27278], [12186, 1071805, 100420, 22444319]]"
1928714,"[[1576797, 3434750], [40596311]]"
1939307,"[[1576797, 3434750], [40596311]]"
2069739,"[[1576797, 3434750], [40596311]]"
2069754,"[[1576797, 3434750], [40596311]]"
2204758,"[[5042916], [3434750]]"
2219252,"[[1585481], [15751180, 4422618], [31769, 1015555, 9317, 76762]]"
2243939,"[[3434750], [5405]]"
2929376,"[[817725, 25391], [3252889]]"
3154222,"[[5042916], [30635, 737]]"
3287804,"[[17684268], [8383270]]"
3362540,"[[1576797, 3434750, 7515928], [40596311]]"
3523983,"[[7575877, 66402699, 2081585, 3571583, 85725, 23376485, 66404293, 27421, 3525430, 31560013, 66403024, 683270, 4042337], [5488, 1246506, 3885935, 27421, 5843419]]"
3568611,"[[17799, 17791], [17799, 469639, 17791]]"
3620299,"[[80777, 3434750, 899044], [7515928, 26215470]]"
4059685,"[[245423, 900249, 3434750, 17416221, 34421, 5843419], [26779, 347166, 34244, 5042481, 13058]]"
4179959,"[[1262096], [2377550, 23440]]"
4184657,"[[3434750], [40596311]]"
4293656,"[[4689264, 3434750, 5042916, 2288455], [21421637, 208636, 1921, 389363, 332667, 1401135]]"
4413123,"[[1576797, 3434750, 7515928], [40596311, 12786576, 17349645]]"
4512092,"[[66463, 24457252, 737], [47591650, 26835464, 14653, 389363, 30635, 35874309, 25391, 737, 23235, 8238258, 3299139, 208636, 11415404, 23402634, 21484846, 5405, 349303]]"
4513939,"[[3434750, 7515928], [12786576, 40596311, 17349645]]"
4591548,"[[23235], [22281674, 27645462, 6010135, 21017661, 27667756, 44120002, 9087364, 7515928, 37569569, 26215470, 40850508, 48893730, 10813917, 8947933, 1921, 737, 10832740, 23402634]]"
4643078,"[[12745881, 905857, 1966992, 905817, 2227620, 466160, 21391, 21387, 184764, 611381, 2227627, 672930], [52024291, 4322340, 4462025, 44431, 50559711, 3779347, 39192809, 49020788]]"
4750854,"[[3571583], [5336]]"
5043637,"[[32350676, 5488, 1246506, 17238590, 50205972, 31816, 30798271, 5171141, 5171141, 33737886], [17633, 14653, 25391, 683270, 27421, 27429, 3457, 5405, 31018476], [31769, 31769]]"
5083105,"[[56928], [17873743]]"
5174257,"[[14533], [23235]]"
5186673,"[[24525914, 5982949], [4711820, 80408]]"
5663908,"[[4887, 1154854, 2795, 212681, 2105749, 5853, 182803, 32087], [4512092]]"
5861822,"[[3434750], [12786576, 40596311]]"
5883198,"[[23235, 3434750, 14653, 338883], [27667756, 14533, 7515928, 21017661, 26215470]]"
5929904,"[[332667, 737], [14653, 3434750, 737, 2288455, 14131]]"
6107527,"[[31717, 3434750, 7515928, 32087], [12786576, 17349645]]"
6124755,"[[9282173], [13919]]"
6162956,"[[39237, 9282173], [13919]]"
6219306,"[[9282173], [2099335, 13919]]"
6273921,"[[39237, 9282173], [13919]]"
6299231,"[[9282173], [13919]]"
6299613,"[[9282173], [14653, 2099335, 1517643, 13919, 39490756]]"
6344101,"[[39237, 9282173], [13919]]"
6412411,"[[39237, 9282173], [13919]]"
6520313,"[[7515928, 26215470], [3434750]]"
6574209,"[[14653, 3434750, 2163060, 31853, 25391, 23916689, 170131, 1886592, 14533, 30108, 26765428, 11125639, 17518909, 25197884, 198149, 737, 2288455, 16642, 291717], [1921, 69328, 332667, 30635, 1401135, 737, 23235, 8238258, 349303]]"
6600238,"[[48192], [31750, 23564616, 3415]]"
6827180,"[[194200, 3434750, 5042916, 76972, 21148, 737, 31717], [30635, 737]]"
6828277,"[[3434750, 11867, 737, 2288455, 31717], [208636, 30635, 332667, 1401135, 737]]"
7016618,"[[3434750, 5042916, 212681, 21148, 737, 14532, 31717, 28222445], [737, 4512092]]"
7179668,"[[11125639], [26215470]]"
7179803,"[[3434750, 5843419, 31717], [26215470]]"
7192688,"[[1576797, 7515928, 76972], [578961]]"
7490894,"[[3434750, 5042916, 21148, 737, 31717], [30635]]"
7542968,"[[3434750, 7515928], [578961]]"
7550780,"[[7515928], [578961]]"
7733141,"[[39237, 9282173], [40863691, 23943, 11104, 13913]]"
7872571,"[[9282173], [5844475, 40863691, 24093, 747345, 11104, 13913]]"
7900510,"[[7967758], [5488, 3482169, 31769, 3482169, 5478, 13444599]]"
7959095,"[[14653, 13919, 7515849], [9282173]]"
7967099,"[[3434750, 3434750], [40596311, 166957]]"
7977253,"[[32212, 3434750, 7515928, 1576797], [12786576, 17349645, 39955935]]"
8202103,"[[19196675, 27421], [32350676, 6784645, 19196675]]"
8321680,"[[3434750], [40596311, 12786576, 455441]]"
8333214,"[[27145721, 80777, 3434750, 7515928, 899044], [455441, 14145690, 12786576, 166957, 40596311, 1088385, 54263323]]"
8442323,"[[4689264, 365009, 7278792, 341221, 3434750, 24930943, 3966054, 1529105, 19426382, 45690137, 195149, 5222, 19191, 23384265, 76741, 30871819], [23289165, 28884400, 16881931, 37979212, 2642213, 197015, 36056901, 62922090, 31927499, 35006872, 63023414, 3294160, 233729]]"
8461856,"[[3434750], [39955935]]"
8574275,"[[5042916, 76972, 737, 31717, 28222445], [737, 4512092]]"
8601812,"[[1576797, 3434750, 32087], [40596311]]"
8624240,"[[5435324, 18305760], [4503010, 27358, 187749]]"
8740568,"[[25391, 797702], [3252889, 5326401]]"
8745619,"[[25391], [5326401]]"
8818973,"[[3434750, 7515928], [12786576, 40596311]]"
8827766,"[[5435324, 18305760], [3434750, 27358, 5460470, 187749]]"
8885976,"[[9282173], [13093253, 13913, 11104]]"
8963674,"[[3434750, 7515928], [9087364, 40596311, 39955935]]"
9129813,"[[3434750], [26106154, 13919, 4028355]]"
9166102,"[[26215470], [22936, 31717, 3434750]]"
9167938,"[[3434750, 27421, 7515964, 350939, 19291, 349303], [14653, 17240332, 21255, 350939], [9794248, 33653498]]"
9353923,"[[1576797, 4887, 1530705, 3434750, 7515928, 22936, 11401226, 31717, 32087], [39955935, 40596311]]"
9541638,"[[17349325, 3434750], [40596311]]"
9604273,"[[7515928, 3434750, 31717], [9195772]]"
9613270,"[[2288455, 3434750, 737, 31717], [208636, 389363, 30635, 737]]"
9624647,"[[170691, 296412, 3305075, 26779, 3434750, 3319002, 8155615, 21255, 5222], [5171141, 28521], [5183633, 5042481, 5171141]]"
9902040,"[[3434750, 5042916, 76972, 212681, 21148, 737, 22936, 31717], [737, 4512092]]"
10395112,"[[751099, 25391], [8828625]]"
10558427,"[[177451, 25391], [5326401, 622772]]"
10558563,"[[27145721, 3434750, 7515928, 22936, 31717], [578961]]"
11161862,"[[2288455, 3434750, 737], [21421637, 208636, 389363, 30635, 332667, 737]]"
11165839,"[[7515928, 3434750], [578961]]"
11321906,"[[11959956, 17779, 17771], [1646730, 11320004]]"
11416171,"[[3434750, 7515928], [39955935, 40596311]]"
11417094,"[[3434750, 7515928], [40596311]]"
11451690,"[[31717, 5042916, 23033, 737], [737, 4512092]]"
11476780,"[[3434750, 7515928], [40596311]]"
11568789,"[[5435324], [3434750, 233569]]"
11594420,"[[3434750], [40596311]]"
11607508,"[[3434750, 5042916, 76972, 21241, 737, 212681, 31717, 28222445], [737, 4512092]]"
11620890,"[[3434750], [17015903]]"
11794363,"[[3434750], [40596311]]"
11805283,"[[3434750], [40596311]]"
11838714,"[[3434750, 7515928], [40596311]]"
11838899,"[[3434750], [40596311]]"
11839597,"[[3434750], [40596311]]"
11843437,"[[4689264, 3434750, 212681, 737, 21148], [737, 4512092]]"
11847958,"[[3434750, 7515928], [9087364, 39955935]]"
11870000,"[[1576797, 80777, 3434750, 7515928, 11401226, 3285814, 899044], [578961, 39955935, 40596311]]"
11905460,"[[1576797, 3434750], [39955935, 40596311]]"
11919242,"[[1576797, 3434750], [39955935, 40596311]]"
12070507,"[[32131564, 4611195, 23235, 1965925], [2816470]]"
12159978,"[[3434750], [17015903]]"
12202103,"[[23448, 23440, 6032540], [2216, 51673]]"
12209826,"[[3434750, 7515928], [39955935, 40596311]]"
12275316,"[[7515928], [40596311]]"
12283953,"[[1576797, 3434750, 32087], [40596311]]"
12284092,"[[1576797, 3434750, 32087], [40596311]]"
12284609,"[[1576797, 3434750, 32087], [40596311]]"
12292492,"[[1576797, 3434750, 32087], [40596311]]"
12293221,"[[3434750, 1576797], [40596311]]"
12297779,"[[1576797, 3434750, 32087], [40596311, 12786576, 17349645]]"
12311398,"[[1576797, 3434750], [39955935, 40596311]]"
12378554,"[[23235], [18953699]]"
12490987,"[[7515928, 3434750], [54263323, 14145690, 12786576, 26215470, 40596311]]"
12531279,"[[194200, 3434750, 76972, 212681, 737, 31717, 28222445], [737, 4512092]]"
12632266,"[[3434750], [40596311]]"
12668626,"[[3434750, 212681, 737], [737, 4512092]]"
12726355,"[[25679, 3434750, 5042916, 212681, 737, 31717], [4512092]]"
12749599,"[[1576797, 3434750, 32087], [578961, 39955935, 40596311]]"
12840745,"[[3434750], [39955935]]"
12945449,"[[19127, 21373], [19655, 13113521]]"
12988220,"[[7515928, 26215470], [4689264, 31717, 3434750, 22936]]"
12993629,"[[7515928, 22936, 3415], [578961]]"
13004473,"[[187749], [1662934]]"
13033426,"[[31717, 76972, 17675], [40596311]]"
13036424,"[[9366, 34399], [26667]]"
13153771,"[[38235695, 5488, 17633, 9317, 30188, 21373, 18778516, 31769, 358, 39280286, 19127, 19291, 5843419, 38264234], [46213555, 8678118, 55577612, 30875850, 10593562, 53401088, 34959730, 9087364, 61369191, 23769768, 9087364, 33653498, 35175793, 3373084, 53150866, 43965682]]"
13311272,"[[3434750, 7515928, 22936, 14532, 31717], [40596311]]"
13461783,"[[18933375, 11447628], [17238515, 5326401, 6095]]"
13582438,"[[3457], [5843419]]"
13635800,"[[23235], [18953699]]"
13728092,"[[23408142], [18606]]"
13759569,"[[6186841], [3293496]]"
13769741,"[[23408142], [18606]]"
13844123,"[[3434750, 5042916, 76972, 212681, 21148, 737, 31717, 28222445], [737, 4512092]]"
13848724,"[[11125639], [69680]]"
13989454,"[[3434750], [17015903]]"
14093307,"[[31717], [578961]]"
14462948,"[[27019], [21255]]"
14463377,"[[21255], [15573]]"
14479401,"[[21475491], [23444, 23440]]"
14609626,"[[23408142], [18606]]"
14626591,"[[194200, 3434750, 76972, 212681, 737, 31717, 28222445], [737, 4512092]]"
14687290,"[[25645, 19975146, 343174, 76762], [1015555, 1676875, 1199752, 3343, 8029, 76762, 31769, 38726671, 3457, 3464, 5843419, 34399, 701], [55504268, 38726671, 8120949, 1676875], [65944638, 62473340, 61369191, 60428257, 60425185, 1258240, 64013544]]"
14892954,"[[600792, 6715199, 6186841], [3293496]]"
14924212,"[[2503, 284376, 12774849, 347166, 5042481], [3434750, 245423, 17416221, 900249]]"
15139564,"[[3434750, 17238515, 7515928, 17238515, 31717], [39955935, 40596311]]"
15177482,"[[3434750], [14653]]"
15311097,"[[7515928], [9195772]]"
15552798,"[[7575877, 7575877, 2081585], [5336, 1246506, 15552650, 10724]]"
15802807,"[[26667, 13275, 21241, 11867, 737, 14532, 17514], [4512092]]"
15853129,"[[23408142], [18606]]"
15893388,"[[11125639], [3969667, 69680]]"
16101018,"[[65220], [746]]"
16256457,"[[30118, 10634933, 5403, 3434750, 27421, 27278, 5843419, 5171141], [184799]]"
16330318,"[[14579], [319778]]"
16346266,"[[311752, 3434750, 27619007, 9282173], [13093253, 57824112, 14653, 12047, 40067475, 8238258, 27421, 11125639, 478947, 39490756, 13919, 13913], [19360285, 23187771, 1921, 37278116, 748820, 11828683, 9087364, 24253402, 40902522, 9087364, 478947, 46875815, 23995791]]"
16456087,"[[19370359, 14533, 14653, 3434750, 19370359, 8238258, 27421, 7515964, 350939, 8087628, 7826589], [7515890, 26215470, 22316, 7515928, 5405, 5042481, 21255, 726148, 7848288, 17771, 718749, 349303, 5171141, 69328]]"
16475950,"[[3434750, 22936, 7515928, 31717], [578961]]"
16562878,"[[31717, 76972], [578961]]"
16567794,"[[679693, 1441792], [3807978, 578961, 27344057]]"
16795536,"[[3434750, 7515928, 3434750, 27145721, 31717], [7515928, 578961]]"
17327836,"[[177909, 2673836], [1337691, 15484477, 11592852, 1517643, 13919]]"
17359661,"[[1246506], [27421]]"
17431166,"[[891213], [69713], [2840342]]"
17435879,"[[274262], [455441]]"
17455653,"[[1576797, 3434750, 7515928], [39955935, 40596311]]"
17643749,"[[194200, 5573, 3434750, 21241, 737, 11867, 212681], [737, 4512092]]"
17897316,"[[7515928, 3434750], [7515928, 12786576, 40596311, 17349645]]"
17932058,"[[13327465, 737], [737, 4512092]]"
17944049,"[[17238590], [17207794]]"
18002976,"[[16998586], [16660, 188171]]"
18004830,"[[5042916, 212681, 737], [737, 4512092]]"
18049021,"[[3454], [2012896, 14533]]"
18381857,"[[12968316], [5460470, 27358, 187749]]"
18424092,"[[3434750, 737], [30635, 737]]"
18501416,"[[334751], [30128]]"
18613497,"[[3434750], [26215470]]"
18644584,"[[3434750, 7515928], [39955935, 40596311]]"
18698008,"[[2905770, 199866], [80777, 3434750, 899044]]"
18724982,"[[26215470], [3434750]]"
18738771,"[[7515928], [3434750]]"
18753258,"[[748820, 40596311, 166957], [7515928, 3434750]]"
18762503,"[[18933375, 25391, 318381], [17238515]]"
18767118,"[[7515928, 26215470], [3434750, 31717]]"
18780574,"[[17238515, 17238515], [25391, 318381]]"
18786171,"[[18933375, 25391], [17238515, 17238515]]"
18804184,"[[23235], [18953699, 21421637, 1921]]"
18806193,"[[23448, 1313055, 23440], [51673]]"
18836853,"[[25391], [17238515]]"
18872578,"[[25391], [17238515]]"
18872964,"[[25391, 318381], [17238515]]"
19172835,"[[4689264, 3434750, 5042916, 76972, 212681, 21148, 737, 31717, 5843419], [737, 4512092]]"
19283703,"[[27019, 13394, 25391, 7515849, 5042481, 3462, 69017, 5489], [3462, 13599262]]"
19351503,"[[3607937, 5843419, 11867], [17015903]]"
19441278,"[[3434750, 1576797], [39955935]]"
19468315,"[[39237, 9282173], [13093253, 40863691, 24093, 747345, 13913]]"
19698336,"[[39237, 9282173], [13093253, 40863691, 24093, 747345, 14095229, 11104, 13913]]"
19913192,"[[841673], [48192], [21133]]"
19949656,"[[3434750], [9087364, 39955935]]"
19968880,"[[19975146], [1015555, 1676875, 1199752, 76762, 25645, 31769, 34399, 701]]"
20189955,"[[31717], [17015903, 27358]]"
20596738,"[[5593, 25445, 10577, 5843419, 31717, 27338, 5573, 12108, 11867, 3415, 22936, 29265, 5321, 26667, 4913064, 21148, 17675, 5058739, 9317, 19137, 3343, 21241, 14532, 23033], [27358, 17015903]]"
20695266,"[[32350676, 31816, 76762], [17873743]]"
20789951,"[[4689264], [40596311]]"
20855562,"[[311752, 39237, 9282173], [13093253, 1703333, 40863691, 12047, 3704049, 2082587, 11104, 478947, 39490756, 13913]]"
20923781,"[[26750, 23408142], [7439782, 18606]]"
20975711,"[[3434750, 7515928], [40596311]]"
21028519,"[[21133, 212681, 737], [737, 4512092]]"
21032323,"[[26750, 23408142], [7439782, 18606]]"
21103386,"[[31717, 5042916, 212681, 737], [737, 4512092]]"
21248868,"[[26750, 23408142], [7439782, 18606]]"
21257070,"[[3434750], [737, 4512092]]"
21257379,"[[25645, 76762], [1199752, 1676875, 76762]]"
21376149,"[[13913], [11104]]"
21592882,"[[13327465, 212681, 737], [737, 4512092]]"
21599097,"[[31717, 737], [737, 4512092]]"
21636599,"[[14533, 59425847, 7171338, 60005908, 3165476, 7651680, 451855], [666980, 14067361, 41857550, 25380421, 37268705, 408215, 6559241, 43001917, 858586]]"
21690685,"[[12968316], [5460470, 13232219, 27358]]"
21709282,"[[2631749, 2342752, 3454, 19522007], [2342752]]"
22078215,"[[39237, 9282173], [24093]]"
22364050,"[[5843419, 11867], [17015903]]"
22580837,"[[3434750, 398698], [748820, 40596311]]"
22647342,"[[23408142], [18606]]"
22689297,"[[12065], [22695550]]"
22764735,"[[23376485], [5488]]"
22787370,"[[21462079, 1921, 12968316, 18305760], [5460470, 7003026, 13232219, 27358]]"
22812933,"[[23235], [21421637, 18953699]]"
22833814,"[[3434750, 3343, 11867, 737, 21241, 5058739], [737, 4512092]]"
22849811,"[[194200, 3434750, 212681, 737, 5843419], [30635, 737]]"
22861555,"[[21462079, 12968316, 18305760], [27358, 13232219, 5460470, 187749, 25539959]]"
22937234,"[[23235], [21421637, 17052695, 1921, 18953699]]"
22954466,"[[3434750], [30635, 332667, 737]]"
22972195,"[[3434750, 31717], [30635, 332667, 737]]"
22972419,"[[2288455, 3434750, 737], [332667, 737]]"
22972637,"[[3434750, 737], [30635, 332667, 737]]"
22997607,"[[2288455, 3434750, 737], [389363, 30635, 332667, 737]]"
23010233,"[[4689264, 3434750, 2288455, 737], [30635, 332667, 737]]"
23026950,"[[23235, 1965925, 377433], [21421637, 18953699]]"
23099057,"[[1504778, 2905770, 199866], [3434750, 32087, 70789, 25659771]]"
23125806,"[[1908022], [8552361]]"
23134391,"[[21462079, 12968316], [25539959]]"
23182397,"[[23408142], [18606]]"
23182882,"[[23408142], [18606]]"
23183180,"[[23408142], [18606]]"
23218495,"[[19196675], [23219543]]"
23278974,"[[23235, 23369], [11415404, 18953699, 389363, 1921, 18305760]]"
23465645,"[[3434750, 737, 31717, 32087], [737, 4512092]]"
23478866,"[[3434750, 76972, 212681, 737, 31717, 28222445], [737, 4512092]]"
23495011,"[[3434750, 17238515, 31717, 32087, 28222445], [737, 4512092]]"
23763694,"[[23769768], [21383]]"
23965053,"[[3434750, 737, 212681, 31717], [737, 4512092]]"
23990847,"[[23995791], [13913]]"
24091465,"[[26667], [19291]]"
24146406,"[[45417217, 2039914, 43811375], [19457, 2225578]]"
24190670,"[[23235], [17052695, 737]]"
24368840,"[[3434750], [12968316]]"
24417962,"[[350939], [34252, 17240332]]"
24549387,"[[19291, 349303, 5428354, 350939], [17240332, 14653, 21255, 13919, 4028355]]"
24572139,"[[3434750, 737, 17514], [737, 4512092]]"
25031296,"[[21255], [27019]]"
25221071,"[[6266060, 34252, 350939], [54251566, 26091881, 56524477, 718749]]"
25310304,"[[3434750, 32087, 76972, 737], [1921, 737, 4512092]]"
25523989,"[[25537178], [25645, 31769, 1015555, 76762]]"
25671580,"[[17238590], [187749]]"
25701298,"[[4689264, 3434750], [737, 4512092]]"
25816542,"[[4055099, 14204350, 34929376, 8238258, 12968316, 33653498, 349303], [17240332, 350939, 14653, 3434750, 6266060, 22316, 25391, 17238590, 34252, 8238258, 21255, 5042481, 350939, 3457, 13919, 7515849], [44173900, 9087364, 8238258, 9087364, 349303]]"
25817108,"[[21462079], [5460470, 25539959, 27358]]"
26066124,"[[194200, 3434750, 5042916, 76972, 28222445, 737, 31717, 5843419], [1921, 30635, 25604038, 737]]"
26220679,"[[408215], [4544401, 14533]]"
26220937,"[[408215], [31725421, 14533]]"
26222570,"[[408215], [14533]]"
26247682,"[[21373, 19054645, 5843419], [21373]]"
26344779,"[[347166], [245423]]"
26461915,"[[9282173], [13919]]"
26507368,"[[31717], [578961]]"
26515586,"[[553883, 14533], [408215]]"
26539087,"[[21462079, 18305760], [27358, 9317, 27358, 3434750, 13232219, 7003026, 5460470, 25539959]]"
26633867,"[[3434750, 5042916], [737, 4512092]]"
26707550,"[[27019, 2284275], [30858905, 21255]]"
26779293,"[[27288], [17015903]]"
26809465,"[[23235], [21421637, 18953699, 737]]"
26850684,"[[217152], [451855, 14533]]"
26862705,"[[167928, 26215470, 26215470], [3434750, 30860668]]"
26986044,"[[3434750, 27308], [17015903]]"
26993919,"[[26667], [17015903]]"
27104256,"[[19196675], [2987149, 27429]]"
27378362,"[[194200, 13327465, 212681, 737], [737, 4512092]]"
27473374,"[[58236, 3434750, 15660, 7796506, 1238462], [27493775]]"
27700648,"[[1646705, 37778, 389363, 31853, 30108, 274262, 102724], [31853, 32240], [14653, 3434750, 198149, 25391, 16642, 11125639, 5405, 31137111]]"
27738531,"[[4689264, 3434750, 737], [737, 4512092]]"
27824818,"[[928722, 10918072, 65220], [746]]"
27868253,"[[73374, 5488, 44984997, 5447, 21373, 21383, 41312023], [30875850, 30635, 16055614, 23769768, 12968316, 9087364, 38286904]]"
27936150,"[[25645], [31816]]"
27949964,"[[4689264, 26328, 383258, 2933920], [17015903]]"
27952630,"[[21148], [17015903, 27358]]"
28277285,"[[188171], [12968316]]"
28398705,"[[3434750, 31717], [12786576]]"
28749233,"[[4689264, 3434750, 212681, 737], [737, 4512092]]"
28879627,"[[23408142], [18606]]"
29135348,"[[27145721, 7515928, 3434750], [7515928, 40596311]]"
29534147,"[[19457], [504351, 48492933]]"
29715626,"[[21255], [27019, 27019]]"
29775334,"[[198100, 25504247, 2361410, 21254238, 3383, 1042168, 25936, 26925289, 764251, 3637], [80408, 5172177]]"
29777421,"[[10918072], [746]]"
29790491,"[[3434750, 737], [737, 4512092]]"
29938803,"[[3434750, 5042916, 737], [737, 4512092]]"
29946418,"[[4689264, 3434750, 212681, 737], [737, 4512092]]"
30112358,"[[350939], [17240332]]"
30132285,"[[3434750, 5042916, 737], [14653, 4028355, 737, 4512092]]"
30158583,"[[1576797, 7515928, 3434750, 7515928, 11273902, 2076117], [455441, 40596311, 166957]]"
30230141,"[[1188714, 57744, 5571], [3470, 845828], [31769]]"
30281754,"[[2326203], [30973393, 35256005, 233569]]"
30371163,"[[3434750, 31717], [30635, 737]]"
30403205,"[[23235], [18953699, 737]]"
30416561,"[[23235], [21421637, 17052695, 1921, 737]]"
30554072,"[[20518076], [17015903]]"
30706524,"[[17633, 413480, 8238258, 31018476, 48192, 31025723, 21133, 31214851], [17808, 605837, 21255, 41772517, 3457, 5171141]]"
30956234,"[[3434750, 31750], [578961]]"
30972059,"[[3434750], [17015903]]"
30999052,"[[1239249, 17633, 3434750, 5042916, 31142430, 31717, 31018476, 48192, 5843419], [17633, 17808]]"
31008162,"[[31018476, 17633], [17633, 17808, 3457, 27067, 37403]]"
31008835,"[[31018476, 17633, 48192], [17633, 17808]]"
31062367,"[[17791, 1188714, 57744], [845828, 31769, 17791, 57744, 5843419]]"
31071502,"[[3434750, 2288455, 737], [30635, 737, 332667]]"
31071822,"[[3434750, 737], [30635, 737, 332667]]"
31072646,"[[3434750, 21148, 737], [1921, 737, 4512092]]"
31082795,"[[31018476, 17633, 48192], [17633, 17808]]"
31085100,"[[31018476, 17633, 48192], [17633, 17808]]"
31142430,"[[3434750, 5042916, 25445, 31717, 12108, 69328, 76972, 3415, 8238258, 21133, 26667, 21148, 5058739, 11125639, 31018476, 17633, 147575, 3343, 21241, 14532, 7515964, 5843419, 31214851], [5171141, 17808, 5171141]]"
31175275,"[[31018476, 17633, 48192], [17633, 17808]]"
31221254,"[[31717], [5171141]]"
31228698,"[[17633, 31769, 31142430, 31212024, 31018476, 48192, 5843419, 31214851], [17808, 35021571, 17633, 17804]]"
31232347,"[[3434750], [5171141]]"
31233010,"[[5843419], [5171141]]"
31235268,"[[5042916], [17633]]"
31271272,"[[17633, 31769, 31142430, 31018476, 48192, 21133, 31214851], [17633, 17808]]"
31279643,"[[3434750, 5042916, 25445, 31717, 12108, 69328, 76972, 3415, 8238258, 21133, 26667, 21148, 5058739, 11125639, 3343, 21241, 14532, 7515964, 5843419], [5171141]]"
31302275,"[[17633, 32090, 31769, 31142430, 3434750, 31018476, 48192, 21133, 31214851], [17633, 35021571, 17808, 3457, 17804]]"
31332235,"[[17633, 31769, 31018476, 48192, 31214851], [17633, 35021571, 35021184, 17804]]"
31332305,"[[31018476, 17633, 48192], [17633, 17808]]"
31342969,"[[17633, 31769, 31142430, 31018476, 48192, 21133, 31214851], [17808, 35021571, 17633, 17804]]"
31345714,"[[17633, 31142430, 48192, 31025723, 21133], [17808, 35021571, 17633, 17804]]"
31430971,"[[17633, 30188, 32903440, 31769, 31142430, 31018476, 48192, 21133, 31214851], [17633, 17808]]"
31446763,"[[17633, 31769, 31142430, 31212024, 31018476, 48192, 21133, 31214851], [17633, 35021571, 17808, 3457, 17804]]"
31446793,"[[17633, 3434750, 31769, 31142430, 31212024, 31717, 31018476, 48192, 5843419, 21133, 31214851], [17808, 35021571, 8006190, 17804]]"
31567209,"[[17633, 30188, 32903440, 31018476, 48192], [17633, 17808]]"
31713389,"[[14533], [17015903, 27358]]"
31726355,"[[13327465, 737], [737, 4512092]]"
31728691,"[[31018476, 17633, 48192], [17808, 35021571, 17633, 17804]]"
31742617,"[[27288, 76972], [17015903]]"
31760357,"[[12968316], [5460470, 31169882, 27358]]"
31865358,"[[23235], [18953699, 1921, 737]]"
31895753,"[[6266060, 167928, 34252, 350939, 22740782], [32676580, 34252, 409117]]"
31941905,"[[4055099, 33653498, 12968316], [34252, 3434750, 34247, 350939]]"
31970606,"[[32676580, 350939], [34252]]"
32004318,"[[33975261, 36402973, 7515849], [27475, 4338096]]"
32052315,"[[1239249, 17633, 31769, 31142430, 31018476, 48192, 21133, 31214851], [17808, 35021571, 17633, 17804]]"
32057777,"[[31018476, 17633, 48192], [17808, 35021571, 17633, 17804]]"
32064464,"[[31018476, 17633], [17808, 17633, 17804]]"
32112330,"[[17633, 31018476, 48192, 21133, 31214851], [17633, 35021571, 17808, 17804]]"
32113032,"[[17633, 31142430, 31018476, 48192, 21133], [35021571, 17633, 17808]]"
32116405,"[[1239249, 17633, 31769, 31142430, 31018476, 48192, 21133, 31214851], [17808, 35021571, 17633, 17804]]"
32222128,"[[26215470, 2214557], [7515849, 7515849]]"
32232563,"[[23438, 170691], [28521]]"
32489786,"[[2642924, 17633, 31025723, 48192], [17633, 17808, 33126456]]"
32660478,"[[31018476, 17633], [17633, 35021571, 17808, 17804]]"
32728625,"[[17633, 31769, 31142430, 31018476, 48192, 21133, 31214851], [35021571, 17633, 17804]]"
32729315,"[[27479, 39584363, 7515849, 13919, 7515849], [32672283, 39942236, 33975261, 34929376, 33975261, 36980009, 37608699, 42826544], [39955935, 9087364]]"
32740690,"[[31018476, 17633, 48192], [17633, 17808]]"
32748504,"[[17633, 31212024, 31018476, 48192, 21133, 31214851], [17633, 35021571, 1548209, 17808, 17804]]"
32801223,"[[17633, 31769, 31018476, 48192, 31214851], [17808, 35021571, 17633, 17804]]"
32812921,"[[17633, 32738122, 31214851, 8238258, 31769, 31142430, 48192, 31025723, 21133, 69328], [3457, 5171141, 17808]]"
32824447,"[[3434750, 737], [737, 4512092]]"
32838432,"[[31018476, 17633, 48192], [17808, 35021571, 17633, 17804]]"
32839751,"[[1799517, 11125639], [5007895, 69680, 3969667]]"
32855867,"[[17633, 31142430, 48192, 31025723, 21133], [17633, 35021571, 17808, 40064531, 5171141]]"
32941802,"[[14533], [23235]]"
33064578,"[[31018476, 17633, 48192], [17808, 17633, 17804]]"
33077296,"[[14653, 14305018], [3969667]]"
33106218,"[[17633, 31142430, 48192, 31025723, 21133], [17633, 35021571, 17808, 40064531, 5171141]]"
33182480,"[[17633, 31142430, 48192, 31025723, 21133], [17808, 17633, 17804]]"
33204602,"[[14653, 14305018], [3969667]]"
33206565,"[[31018476, 17633, 48192], [31013204, 35021184, 5171141, 17804]]"
33428604,"[[38364812, 27358, 5460470, 31169882, 25539959, 188171], [12968316]]"
33429796,"[[31018476, 17633, 48192], [5171141, 17804]]"
33476062,"[[17633, 3434750, 31142430, 31025723, 31717, 48192, 5843419, 21133, 7515849], [40064531, 17633, 17808, 5171141]]"
33518676,"[[11125639], [69680]]"
33608429,"[[32672283, 27592278, 33975261], [1337691, 27479, 53554108, 32632702, 39516228, 7515849, 13919, 7515849]]"
33693442,"[[14653, 14305018], [3969667]]"
33756669,"[[32672283, 33975261, 7515849], [19343088, 32632702, 377735, 3423927, 7515849]]"
33809161,"[[32672283, 34929376, 36980009, 33975261], [39490756, 27479, 7515849]]"
33862455,"[[4689264, 3434750, 737], [737, 4512092]]"
33870250,"[[32672283], [377735, 7515849]]"
33879727,"[[23235], [3434750, 21133]]"
33885061,"[[355699, 350939], [17240332]]"
33944052,"[[32672283, 34929376, 33975261, 48303468, 45220740, 36497032], [27479, 53554108, 32632702, 377735, 3423927, 7515849]]"
34044378,"[[27479, 7515849], [32672283]]"
34045304,"[[4689264, 3434750, 21148], [737, 4512092]]"
34047744,"[[32672283, 37086105, 34904792, 36402973, 34929376, 36980009, 33975261, 7515849], [7515849, 27479, 7515849]]"
34118603,"[[32672283, 33975261, 7515849], [377735, 3423927, 7515849]]"
34135556,"[[4689264, 3434750, 21148, 737], [737, 4512092]]"
34219617,"[[718749, 724421], [718749, 1099556]]"
34421431,"[[32672283, 33975261], [7515849, 13919, 27479, 7515849]]"
34449424,"[[32672283, 33975261], [3423927, 7515849]]"
34470100,"[[17633, 48192], [34510588, 31006928, 17633]]"
34477025,"[[17633, 1051830, 1548209, 35457665, 8006190], [17633, 40064531, 34510588, 37607589, 35457665, 35541996], [22670366, 33653498, 37607443, 43521406, 35693833]]"
34486672,"[[4689264, 3434750, 5843419, 31717], [14653]]"
34489980,"[[3434750], [17015903]]"
34506090,"[[19127, 38215267, 39248501], [15012, 34593948, 34959730, 35175793, 1463123]]"
34581359,"[[32672283, 33975261], [27479, 53554108, 32632702, 7515849, 7515849]]"
34599993,"[[32672283, 32849158], [32632702, 14653, 19343088, 3423927, 7515849]]"
34656813,"[[3434750], [737, 4512092]]"
34705734,"[[32672283, 15462262, 33975261, 34929376, 9087364, 2673836, 9087364], [11592852, 13919, 7515849], [17771, 15462262]]"
34739991,"[[32672283, 7515849], [3423927, 7515849]]"
34786176,"[[25391], [14912557]]"
34814074,"[[31002349], [35457665, 17633], [2642924, 35541996]]"
34882907,"[[32672283, 33975261], [3423927, 53554108, 13919]]"
34963588,"[[14653, 2892082], [3969667]]"
35018859,"[[4338096, 33975261], [27475, 3423927, 4338096]]"
35026616,"[[32672283, 34904792, 36980009, 33975261], [7515849, 3423927, 7515849]]"
35178468,"[[19127, 22986], [19127]]"
35197787,"[[32672283, 33975261, 7515849], [32632702, 19343088, 3423927, 7515849]]"
35205737,"[[32672283], [7515849]]"
35235584,"[[32350676, 1246506, 30884032], [27421]]"
35249743,"[[2642924, 35541996], [35457665, 17633, 8006190]]"
35267475,"[[32672283, 33975261, 34904792, 7515849], [3423927, 7515849]]"
35314870,"[[32672283, 34904792, 33975261], [3423927, 7515849]]"
35324188,"[[33975261, 56652137, 37086105, 7515849], [7515849, 3423927, 7515849]]"
35476086,"[[5571214, 12186, 673439, 12190, 709, 701], [12186, 12194]]"
35477789,"[[32350676], [27421]]"
35738929,"[[14653, 14305018], [3969667]]"
35819541,"[[32672283, 33975261], [7515849, 27479, 7515849]]"
35862157,"[[1015555, 30118, 19088, 17416221, 76762, 31769, 40479968], [31816, 35878650]]"
35895060,"[[1051830, 52552320, 3366175, 13919, 408270, 40067475, 36818349, 11592852, 15748037, 1517643], [54621245, 44173900, 9087364], [11959956, 17771, 17779]]"
35902880,"[[4055099, 33653498, 12968316, 9794248], [46876689, 34252, 350939]]"
35903066,"[[4055099, 33653498, 12968316, 9794248], [46876689, 34247, 34252, 350939]]"
35912750,"[[32350676], [27421]]"
36045579,"[[10918072, 65220], [746]]"
36059054,"[[32672283], [7515849, 27479]]"
36157868,"[[5405], [23440]]"
36200167,"[[11125639], [69680]]"
36267146,"[[34593948, 1463123], [23769768, 35175793, 30875850, 34959730]]"
36413545,"[[32672283], [7515849, 27479]]"
36464677,"[[32672283, 39458215, 33975261], [7515849, 27479]]"
36494808,"[[46636745, 1337691, 50360137, 14653, 48026864, 39691334, 7515928, 7281998, 7515849, 48361442, 13919, 41577685, 7515849], [32672283, 46226442, 3434750, 8238258, 11125639, 9087364, 33653498, 31717, 349303, 5843419, 47141292, 7515849], [44168589, 36497032, 46644335]]"
36542184,"[[30116, 30108], [36545542]]"
36590197,"[[32672283, 33975261], [7515849, 27479]]"
36822554,"[[27479, 7515849], [32672283, 44612010, 34929376, 36980009, 33975261, 19360285]]"
36856978,"[[22986, 19135, 19127, 5843419, 36848], [34593948], [30875850, 1921, 55577612, 53401088, 34959730, 23769768, 33653498, 35175793, 3373084, 48571702, 38286904]]"
36904359,"[[11125639], [69680]]"
37049891,"[[194200, 3434750, 30158, 31717, 21133], [30635, 737]]"
37070832,"[[194200, 3434750, 21133, 737], [30635, 737]]"
37153122,"[[12968316], [7003026, 27358, 3434750, 27366, 16660, 31169882, 188171]]"
37208792,"[[350939], [26091881, 9794248]]"
37293017,"[[32672283, 34929376], [27479, 7515849]]"
37315707,"[[33975261], [7515849, 3423927, 7515849]]"
37386857,"[[35457665, 17633], [34510588, 31006928]]"
37574369,"[[32672283, 44612010, 39458215, 36980009, 34929376, 33975261], [39584363, 39490756, 27479, 7515849]]"
37622567,"[[32672283, 54013944, 43650372, 34929376, 33975261, 46332804, 27592278, 56771685], [27479, 6025104, 31769, 7515849, 7515849]]"
37641752,"[[9282173], [13093253, 1703333, 40863691, 12047, 478947, 39490756, 13913]]"
37710611,"[[32672283, 18305760, 33975261], [7515849, 27479, 7515849]]"
37857818,"[[36562665, 44168589, 36991518, 36497032], [7515849, 27479, 7515849], [32672283, 37866634, 33975261, 11125639, 39606222, 18305760]]"
37969765,"[[37608699, 10636], [7515849, 27475, 27479]]"
37985990,"[[32672283], [39490756, 27479, 7515849]]"
37991543,"[[1084519, 19457, 2225578, 2489971, 216815, 33861790], [38106209, 55536565, 26301492, 17116086, 48958012, 12699794]]"
38091864,"[[34593948, 1463123, 103054], [15012, 30875850, 34959730]]"
38128107,"[[19127], [34593948, 30875850, 1463123, 35175793]]"
38139843,"[[19127, 19135], [30875850, 35175793, 1463123, 34593948]]"
38183669,"[[5488, 5843419], [30875850, 55913903, 34959730, 23769768, 35175793]]"
38205389,"[[3470, 3434750, 5042916, 34593948, 27278, 31717, 4689264, 38235695, 69328, 76972, 11867, 22936, 19127, 26667, 21148, 5058739, 21383, 1463123, 5488, 3343, 30138, 5843419], [34593948, 30875850, 34959730, 23769768, 35175793, 1463123, 38286904]]"
38208500,"[[3434750, 5843419], [12968316]]"
38209630,"[[19127, 5843419], [23769768, 30875850, 35175793, 34959730]]"
38249564,"[[23769768, 30875850, 35175793, 34959730], [19127, 5843419]]"
38338900,"[[27479, 7515849], [32672283, 34929376, 36980009, 37608699, 18305760]]"
38345827,"[[19127, 5843419], [34959730]]"
38348699,"[[19127, 19135], [34593948, 35175793, 1463123]]"
38393113,"[[21373], [13113521]]"
38405948,"[[7515849], [32672283, 7515849]]"
38415011,"[[377735, 32632702, 3423927, 7515849], [32672283, 37608699]]"
38554050,"[[690763, 2821886, 690763, 4016305], [28678, 23440, 3607937, 2377550]]"
38601514,"[[34929376], [27479]]"
38620415,"[[32350676, 1447071], [27421, 27429]]"
38661589,"[[5488], [66404293, 23376485]]"
38669966,"[[32672283, 34929376, 36980009, 33975261, 39458215, 38063706, 38033498], [39584363, 39490756, 27479, 7515849]]"
38688394,"[[5488, 5843419], [35175793, 30875850]]"
38699467,"[[19127, 5843419], [55913903, 34959730]]"
38699565,"[[34593948, 5843419], [39248501], [34959730, 33653498]]"
38705200,"[[19127, 21373, 5843419], [3373084, 34959730]]"
38705507,"[[19127, 21373, 5843419], [3373084, 34959730]]"
38712172,"[[32672283, 9087364, 34929376, 36980009, 33975261, 39955935, 38033498], [7515849, 27479, 7515849]]"
38733656,"[[19127, 5843419], [34959730]]"
38738657,"[[9087364, 39955935], [7515928, 7515849]]"
38919148,"[[19127, 5843419], [34959730]]"
38919286,"[[19127, 21373, 5843419, 12176], [34959730]]"
38948186,"[[5488], [30875850]]"
38958762,"[[32672283, 34929376, 37608699, 18305760, 7515849], [27479, 19343088, 32632702, 377735, 7515849, 7515849]]"
38973493,"[[19127, 5843419], [30875850]]"
39032331,"[[34593948, 1463123], [34959730]]"
39054783,"[[187749], [12968316]]"
39069457,"[[19127, 5843419], [34959730]]"
39119926,"[[32672283, 34929376], [27479, 7515849]]"
39153361,"[[21490998], [12968316]]"
39173581,"[[350939, 34252], [33653498, 2597550]]"
39177240,"[[32672283, 38063706, 37608699, 34929376], [46876689, 27479, 1285472, 39516228, 7515849, 13919, 7515849]]"
39178135,"[[32672283, 29402, 37608699, 7515849], [39516228, 3423927, 7515849]]"
39191530,"[[19127], [34593948, 1463123]]"
39240723,"[[32672283, 34929376, 36980009, 33975261, 56652137, 37086105, 36571957], [7515849, 27479]]"
39271670,"[[14533], [5405]]"
39303060,"[[19127], [34959730]]"
39353154,"[[32672283, 23187771, 1921, 6107650, 44940689, 39458215, 34929376, 11320004, 6033742, 37866634, 36980009, 53015755, 1646730], [11959956, 27479, 17779, 17771, 7515849, 13919, 7515849]]"
39402185,"[[32672283, 62028, 30680, 34929376, 33975261, 38063706, 9087364, 37099354], [7515849, 27479]]"
39420309,"[[32672283, 33975261, 37608699], [7515849, 27479, 7515849]]"
39456236,"[[32672283, 38063706, 37608699, 34929376], [27479, 21255, 39516228, 7515849, 13919, 7515849]]"
39508041,"[[7515928, 37822472, 9087364, 34929376], [11752991, 1576797, 7515928, 1817852, 2076117]]"
39689467,"[[17633, 1051830], [42853150], [33653498]]"
39743402,"[[14653, 25391, 7515928, 7515849, 13919, 7515849], [8238258, 39162083, 11125639, 33975261], [9087364], [48205248, 36991518, 25391]]"
39764902,"[[11959956, 17771, 17779, 13919], [34929376, 1646730, 11320004]]"
40002880,"[[32672283, 9282173, 33975261, 36980009, 3434750, 7515964, 53015755], [50671501], [14653, 13919, 25391, 7515849]]"
40010186,"[[4689264, 5321, 69328, 679693, 3434750, 25391, 21148, 48205248, 3434750, 31717, 349303, 5843419, 7515849], [44173900, 9087364, 47321275], [32672283, 40191241, 39458215, 36980009, 33975261, 52136190, 8238258, 11125639, 48713162, 349303, 47141292]]"
40035227,"[[5222], [26100]]"
40162660,"[[32672283, 1921, 34929376, 36980009, 43759781, 42767123, 9087364, 38033498, 43397821], [27479, 39691334, 39516228, 7515849, 7515849]]"
40469139,"[[33975261, 32672283, 34929376, 36980009], [1337691, 27479, 39516228, 7515849, 13919, 7515849]]"
40477827,"[[14653, 2892082], [3969667]]"
40484303,"[[40283398], [23440]]"
40628065,"[[3434750], [40596311]]"
40775529,"[[32672283, 33975261, 34929376, 36980009, 9087364], [27479, 718522, 39516228, 7515849, 13919, 7515849]]"
40777909,"[[17633], [43521481]]"
40780074,"[[1015555, 3434750, 8029, 76762, 40479968, 31816, 31769], [8029, 59537, 65944638, 61369191, 17873743, 27421, 12968316, 896126, 23118283, 1258240, 9450702, 7826589]]"
40796057,"[[11867], [17015903, 27358]]"
40829982,"[[3114977, 42028814, 1337691, 3366175, 14653, 25391, 23943, 51636511, 7515849, 13919, 39490756, 7515849], [32672283, 39458215, 34929376, 36980009, 7515849], [9087364]]"
40863726,"[[13913], [11104]]"
40916420,"[[32672283, 44612010, 39458215, 36980009, 33975261, 34929376, 27592278], [42028814, 1263244, 27479, 51636511, 39584363, 13919, 7515849]]"
40952431,"[[32672283, 9087364, 34929376, 36980009, 33975261, 39458215, 38063706, 9087364, 38033498], [39584363, 27479, 51636511, 39516228, 7515849, 13919, 7515849]]"
40956653,"[[32672283, 9087364, 34929376, 7515849], [1337691, 7515849, 27479, 7515849]]"
41107894,"[[42028814, 27479, 7515849, 13919, 7515849], [32672283, 9087364, 34929376, 9087364, 27592278, 42737696]]"
41257820,"[[33422936, 38912437, 5478, 38789631, 7967758, 38911953], [41275480, 6191478], [5488, 12027, 21490998, 3434750, 19599929, 76762, 31769, 41279064, 31717, 9347800, 5843419]]"
41299240,"[[32672283, 10327826, 41553608, 3434750, 39458215, 36980009, 33975261, 38996379, 8238258, 36980009, 11125639, 27592278, 43826405, 349303, 5843419], [10327826, 42772167, 1921, 34929376, 8238258, 57916403, 9087364, 349303, 53015755, 56718004]]"
41504323,"[[41504356], [167928, 76762]]"
42004598,"[[32672283, 33975261, 34929376, 36980009, 27592278], [42028814, 27479, 39516228, 13919, 7515849]]"
42059309,"[[34929376], [13919, 27479]]"
42085878,"[[42237483, 42626250, 25391, 42425747, 51587], [10293988, 42133018, 31750, 933649, 163045]]"
42228673,"[[25391], [31750]]"
42232847,"[[19127, 19135], [34593948, 1463123]]"
42239071,"[[31750], [163045, 25391]]"
42274857,"[[32672283, 3434750, 43397821, 43759781, 34929376, 36980009, 42767123, 11125639, 27592278, 7515849], [27479, 39691334, 39516228, 7515849, 42596625, 13919, 41577685, 7515849]]"
42281657,"[[27479, 39516228, 7515849, 13919, 7515849], [32672283, 34929376, 36980009, 27592278, 1646730]]"
42342404,"[[32672283, 42772167, 33975261, 42723426, 27592278, 36571957], [39516228, 7515849, 27479, 7515849]]"
42365990,"[[32672283, 33975261, 9087364, 42723426, 34929376, 62311455, 27592278], [27479, 39516228, 7515849, 13919, 7515849]]"
42415336,"[[3434750, 23420, 58699284, 58325, 23428, 5222], [23420, 26100, 54722244, 34991043]]"
42504520,"[[31750], [42425747, 25391, 42085878]]"
42563745,"[[31750], [42425747, 42626250, 25391, 42085878]]"
42579564,"[[212681, 737], [30635, 737]]"
42684911,"[[32672283, 39458215, 34929376, 27592278, 7515849], [46636745, 27479, 51636511, 39516228, 7515849, 13919]]"
42780313,"[[24918, 2365236, 15845458, 30861330, 5405], [7469226, 202354, 42960570]]"
42824673,"[[19468532, 35457665, 17633, 405871], [48934397, 17633, 31232], [43521481, 42853150, 43681764], [46213555, 9087364]]"
42825751,"[[42833350], [34420068]]"
42834022,"[[19127, 19135], [34593948, 1463123]]"
42888404,"[[31750], [42425747]]"
42975602,"[[31750], [42626250]]"
43015313,"[[3434750, 737, 17514], [737, 4512092]]"
43017225,"[[19760414, 44783573, 14653, 3434750, 578961, 25391, 7515928, 3949386, 377735, 69680, 22350732, 7281998, 2085, 27145721, 899044, 39033876, 45671374, 7515849], [29992, 7515928, 9087364, 13035534, 1088385, 199866], [43060927, 37822472, 166957, 27754208, 7515928, 13698067]]"
43059601,"[[4054894, 4611195, 2159021, 17029497, 377433, 21856130, 23235, 1965925, 12338572, 1183789], [566821, 18953699, 389363, 208636, 21484846, 44284567, 23402634], [389363, 371256, 9087364, 40850508]]"
43175945,"[[19301], [735763]]"
43227423,"[[39237, 9282173], [27479, 13093253, 14653, 36658251, 39127395, 1285472, 56927798, 13919, 7515849], [9087364, 50671501]]"
43234667,"[[3434750, 7515928, 22350732, 7281998, 27145721], [29992, 43060927, 166957, 27754208, 9087364, 13698067, 13035534, 1088385, 199866]]"
43243199,"[[9282173], [13093253, 23187771, 12047, 40067475, 478947, 39490756, 13913]]"
43248251,"[[32672283, 34929376, 36980009, 9087364, 7515849], [27479, 718522, 7515849, 13919, 7515849]]"
43338521,"[[9087364], [39516228, 7515849, 27479, 7515849]]"
43348288,"[[5488, 5321, 54022309, 3470, 3434750, 5042916, 76972, 5058739, 21373, 18778516, 19127, 31717, 28222445, 5843419], [30875850, 53401088, 3373084, 35175793]]"
43349719,"[[9282173], [13913]]"
43401975,"[[9087364], [27479, 36991518, 377735, 3423927, 39127395, 39033876, 36497032]]"
43435162,"[[32672283, 42772167, 46279909, 38979900, 33975261, 62310946, 34929376, 27592278, 42576453], [27479, 14653, 1285472, 39516228, 7515849, 7515849]]"
43438737,"[[5488, 6191478, 5478], [5482, 3482169, 5478, 76762]]"
43450745,"[[31750], [42425747, 25391]]"
43455161,"[[10918072], [746]]"
43463258,"[[679693, 899044], [9087364]]"
43471743,"[[32672283, 9087364, 27592278, 34929376], [27479, 17771, 7515849, 13919, 7515849]]"
43492765,"[[9087364, 34929376], [11959956, 17779, 17771, 7515849, 7515849]]"
43507553,"[[841673], [3434750, 48192, 21133]]"
43511120,"[[1513009, 23564616], [48192]]"
43562207,"[[3969667, 1446131, 3434750, 27754535, 3197182, 44168589, 22350732, 26105741, 39033876, 20518076, 7515928, 2006740, 36991518, 2668033, 69680, 32090, 7281998, 27145721, 899044, 3949386, 36497032, 696035], [9087364]]"
43621640,"[[31750], [42425747, 25391]]"
43637716,"[[679693, 3434750, 7515928], [9087364]]"
43638765,"[[44468710, 43060927, 166957, 9087364, 1088385], [1576797, 1498529, 11752991, 23626646, 7515928, 1441792, 27344057, 899044, 26106154, 26105741, 4028355, 3949386]]"
43683196,"[[69328, 3434750, 76972, 11867, 14532, 7515964, 31717, 349303, 5843419, 43683196], [42772167, 46279523, 43904665, 50661555, 9087364, 58786028, 36980009, 53015755, 56718004], [14653, 25391, 7515849, 23626646, 7515849]]"
43683467,"[[3434750, 21255], [17015903]]"
43691291,"[[30975423, 25391], [8828625]]"
43692799,"[[31750], [42425747, 25391]]"
43695781,"[[9087364], [32672283, 41553608, 41406768, 27592278]]"
43699148,"[[17633, 69328, 37607589, 35457665, 8087628], [43521481, 17633, 42853150, 413480, 8238258, 11125639, 33653498]]"
43699707,"[[3434750, 7515964], [44173900, 9087364]]"
43705803,"[[9087364], [7515849, 7515849]]"
43706156,"[[38364812, 27358, 43112164, 3434750, 36817379, 7003026, 25539959], [12968316]]"
43718588,"[[32672283, 34929376, 27592278, 38979900], [39516228, 7515849, 27479, 7515849], [31769, 6025104]]"
43749177,"[[11760475, 1133944, 14533, 2421391], [43797145, 5140508, 1335473, 16293969, 427063, 19580896, 23988695]]"
43750048,"[[31750], [42425747]]"
43759810,"[[31750], [42425747]]"
43828124,"[[446834], [4611195]]"
43842512,"[[3434750, 7515928, 5843419, 31717], [7515928, 9087364]]"
43904407,"[[32672283, 69680, 69328, 3434750, 36991518, 33975261, 8238258, 7515964, 31717, 349303, 3949386], [9087364]]"
43930819,"[[5843419], [9087364]]"
43932941,"[[7515928, 1817852, 1576797], [9087364]]"
43970194,"[[17240332, 34252, 167928, 215609], [22986, 350939, 34252]]"
43972492,"[[31717], [9087364]]"
43973237,"[[32672283, 39458215, 34929376, 7515849, 47149650], [52598934, 27479, 7515849, 13919, 39490756]]"
43975642,"[[4689264, 3434750, 5042916, 3343, 76972, 43517689], [9087364, 9087364, 56699003]]"
43982103,"[[32672283, 40191241, 33975261, 11125639, 53235629], [47052815, 3434750, 46644335, 51613664, 48205248, 44168589, 48551077, 12395287, 36497032, 1904053], [9087364, 45700523, 33975261, 53015755, 9087364], [7515849, 13919, 25391, 7515849]]"
43986502,"[[1441792, 32520121, 26105741, 14653, 679693, 45674445, 11930493, 7515928, 46264336, 453329, 10374780, 26106154, 23626646, 44591147], [9087364, 166957]]"
44009323,"[[31750], [25391]]"
44042153,"[[27479, 14653, 39127395, 25391, 7515849, 13919, 7515849], [32672283, 57536888, 34929376, 33975261, 11125639, 53235629, 53015755, 56718004], [9087364], [6373594, 36991518, 48205248, 44168589, 36497032, 15123798]]"
44042826,"[[32672283, 43650372, 34929376, 27592278, 7515849], [27479, 25391, 39516228, 7515849, 7515849]]"
44082545,"[[27592278], [39516228, 7515849, 27479, 7515849]]"
44131689,"[[17957135, 8087628, 4317752], [15012, 40902522, 8087628]]"
44149874,"[[32672283, 42723426, 34929376, 27592278], [39516228, 7515849, 27479, 7515849]]"
44178375,"[[5042916], [9087364]]"
44207976,"[[8087628, 1678525], [9087364, 9087364]]"
44223983,"[[9087364], [11959956, 17771, 17779]]"
44227031,"[[103958, 42772167], [39516228, 7515849, 27479, 7515849]]"
44235678,"[[32672283, 42772167, 33975261, 34929376, 36980009, 9087364, 44852952], [32672283, 41406768, 42584491, 7515849]]"
44246509,"[[27145721, 1576797, 14653, 45671374, 7515928, 1817852, 1441792, 13919, 26106154, 23626646, 4028355, 2076117], [44173900, 9087364]]"
44266296,"[[9087364], [27479, 39691334, 39516228, 7515849, 7515849]]"
44348287,"[[32672283, 34929376, 27592278], [27479, 1285472, 39516228, 7515849, 13919, 44591147]]"
44356791,"[[23235], [566821]]"
44413891,"[[3434750, 19468532, 17633, 8087628], [9087364], [46663242]]"
44430686,"[[3434750, 5042916, 7515928, 31717], [9087364]]"
44472678,"[[4689264, 3434750, 5042916, 7515928, 31717], [9087364]]"
44580179,"[[9087364], [3434750, 7515928]]"
44597030,"[[6095, 25391], [14912557]]"
44616910,"[[9087364], [43546022, 7515849, 27479, 7515849]]"
44641562,"[[7515928, 37822472, 44468710, 9087364], [7515928, 7515928, 4627429, 2076117]]"
44649607,"[[1015555, 3459, 31769, 8087628, 76762], [8029, 3775429, 40516673], [62473340, 1676875]]"
44787038,"[[4689264, 46504296, 46504388, 679693, 3434750, 5042916, 36991518, 11867, 27754535, 69680, 44168589, 1904053, 31717, 36497032, 899044], [9087364, 9087364]]"
44806567,"[[23235, 23369, 212681, 737], [18953699, 566821]]"
44816101,"[[7515928, 11752991], [9087364, 9087364, 27754208]]"
44881353,"[[3434750, 22936], [7515928]]"
44890779,"[[69854, 65656, 65656], [69854]]"
44923104,"[[1441792, 27145721, 1576797, 7281998, 7515928, 1817852, 2076117], [9087364, 44173900]]"
45037750,"[[5447], [23769768, 9087364]]"
45049114,"[[42984179], [17015903]]"
45196592,"[[31750], [42425747]]"
45206248,"[[32672283, 27592278], [27479, 1285472, 3423927, 39516228, 13919, 44591147]]"
45212205,"[[31750], [42425747, 42626250, 25391]]"
45222958,"[[6034632, 11127, 17444266, 3434750, 428081, 1313055, 23440, 23448], [39963003, 2313170, 103100, 51673]]"
45256543,"[[8087628, 1678525], [9087364, 40902522, 9087364]]"
45313541,"[[841673, 33702], [48192]]"
45328865,"[[5488, 21373, 5042916], [23769768, 9087364]]"
45342355,"[[17240332], [34252, 22986, 350939]]"
45352597,"[[7515964, 69328], [9087364]]"
45365563,"[[32672283, 38979900, 57765652, 45643045, 27592278], [46636745, 27479, 1285472, 39516228, 7515849, 13919, 44591147]]"
45399857,"[[36362979, 17633], [46213555, 9087364]]"
45418047,"[[17633, 8087628, 19468532], [9087364]]"
45418879,"[[19457], [45417217, 38106209, 48395372]]"
45448253,"[[1051830, 42028814, 1337691, 3114977, 46636745, 50360137, 14653, 52781816, 25391, 7515928, 23943, 45671374, 17771, 48361442, 13919, 39490756, 7515849], [32672283, 54013944, 9282173, 51030405, 57536888, 8238258, 57916403, 36980009, 50661555, 11125639, 27592278, 43397821, 349303, 53015755, 53235629, 56718004], [9087364]]"
45549617,"[[14653, 3434750, 7515928, 31717, 5843419], [9087364, 166957]]"
45560460,"[[48231101, 47052815, 679693, 36991518, 36970065, 41206934, 7515849, 7515849], [9087364]]"
45619584,"[[1441792, 26105741, 14653, 3434750, 5042916, 7515928, 13919, 31717, 26106154, 5843419, 23626646], [7515928, 9087364]]"
45666688,"[[32672283, 41553608, 34929376, 43826405, 44852952, 27592278, 7515849], [27479, 718522, 48361442, 39516228, 7515849, 13919, 41577685, 7515849]]"
45716178,"[[17633, 42853150], [46213555, 9087364]]"
45716539,"[[31167279, 34252, 350939], [350939, 215609]]"
46179869,"[[17240332, 34252, 167928, 350939, 215609], [34252, 69328, 31167279, 26091881, 350939, 7247921, 349303, 29468661]]"
46215853,"[[46876689, 17240332, 34252, 51279323, 26568072, 350939, 215609], [46876689, 34252, 31167279, 167928, 478947, 350939, 29468661], [9794248, 33653498]]"
46218259,"[[54013944, 55897300, 42772167, 46279909, 33975261, 46279523, 42723426, 34929376, 36980009, 38021946, 46226442], [27479, 39516228, 7515849, 13919, 7515849]]"
46222132,"[[33975261, 34929376, 45643045, 32672283], [27479, 1285472, 39516228, 7515849, 13919, 7515849]]"
46253486,"[[32672283, 679693, 44168589, 45220740, 36497032, 899044], [9087364]]"
46291886,"[[32672283], [39516228, 7515849, 27479, 7515849]]"
46309528,"[[55897300, 42772167, 46279909, 46279523, 42723426, 34929376, 36980009, 38021946, 46226442], [39516228, 7515849, 27479, 7515849]]"
46315216,"[[1921], [56779254], [350939, 34252]]"
46330507,"[[9087364], [32672283, 46332804, 39458215], [3114977, 3008295, 3366175, 27479, 7515849, 39490756]]"
46345430,"[[17240332, 167928, 34252, 215609, 350939], [29468661, 26091881, 34252, 350939, 29468661]]"
46357616,"[[17240332, 167928, 51279323, 350939], [31167279, 26091881, 34252, 350939, 718749]]"
46357714,"[[17240332, 167928, 34252, 215609, 350939], [9794248, 26091881, 34252, 350939, 29468661]]"
46358416,"[[17240332, 167928, 34252, 45341600, 350939, 215609], [31167279, 34252, 350939, 29468661]]"
46428106,"[[3434750, 31717, 5042916, 7515928], [9087364]]"
46450104,"[[32672283, 9087364, 33975261, 9087364, 27592278], [27479, 14653, 25391, 7515928, 48027962, 7515849, 13919, 7515849]]"
46454011,"[[14653], [44120002, 46454353, 40850508, 46411512]]"
46455838,"[[17240332, 34252, 167928, 51279323, 45341600, 350939, 215609], [34252, 31167279, 350939, 29468661], [33653498, 9794248]]"
46459545,"[[44173900, 9087364], [39516228, 7515849, 27479, 7515849]]"
46472007,"[[841673], [48192]]"
46510596,"[[41553608, 42772167, 43650372, 34929376, 43759781, 42723426, 46279523, 8238258, 54013944, 55897300, 36980009, 50661555, 11125639, 32672283, 46279909, 38979900, 27592278, 48028730, 349303, 46226442], [1337691, 27479, 14653, 1285472, 39691334, 46636745, 39516228, 7515849, 13919, 7515849]]"
46576053,"[[73374, 5488, 44984997, 5447, 21373, 21383, 41312023], [23769768, 44468710, 9087364]]"
46597760,"[[31750], [42425747]]"
46656542,"[[23564616], [48192]]"
46666986,"[[35457665, 17633], [46213555, 33653498, 43521406]]"
46668130,"[[35457665, 17633], [43521406]]"
46679874,"[[27479, 1517643, 7515849, 13919, 7515849], [32672283, 33975261, 9087364, 9087364, 27592278, 46226442]]"
46698693,"[[9087364], [7515849, 27479, 7515849]]"
46781466,"[[36970065, 48231101, 36991518], [9087364]]"
46894982,"[[31750], [42425747]]"
46917575,"[[45220740, 7515849, 36970065], [9087364]]"
46933174,"[[32672283, 27592278], [41418491, 27479, 39516228, 7515849, 7515849]]"
46969397,"[[32672283, 36991518], [9087364]]"
47004086,"[[32672283, 1095706, 27592278, 47149729], [27479, 52809781, 39516228, 7515849, 7515849]]"
47021159,"[[4689264, 30128, 34046319, 14579, 3428369, 7469226, 202354, 3607937], [22614601]]"
47036824,"[[9282173], [13919]]"
47077360,"[[32672283, 1414459, 39458215, 44383901, 36980009, 45643045, 46226442], [39516228, 7515849, 27479, 7515849]]"
47080267,"[[679693, 3434750, 5042916, 31717, 7515964, 19291, 899044], [9087364, 9087364]]"
47086746,"[[21490998, 7003026], [12968316]]"
47089642,"[[44168589, 36991518, 36497032], [9087364]]"
47107082,"[[27479, 36970065, 377735, 45220740, 7515849, 43683196], [9087364]]"
47129233,"[[4317752, 8087628, 1678525], [9087364, 40902522, 9087364]]"
47177974,"[[32672283, 44852952, 33653498, 47141292], [27479, 2082587, 39516228, 7515849, 13919, 41577685, 7515849]]"
47182323,"[[7469226, 202354], [22614601]]"
47187886,"[[32672283, 44168589, 45220740, 36497032], [9087364]]"
47247961,"[[32672283, 34929376, 36980009, 27592278, 47149729], [1337691, 3114977, 27479, 14653, 1285472, 39516228, 7515849, 13919, 7515849]]"
47310577,"[[44468710, 9087364], [27479, 52841199, 377735, 39516228, 7515849, 13919, 7515849]]"
47320825,"[[1799523, 13888982, 51214274, 1500005, 33975261, 30205, 11125639, 53235629], [44468710, 9087364, 569037, 9087364, 47321275, 44173900]]"
47342615,"[[1799517, 11125639], [44173900, 9087364, 47321275, 9087364], [69680, 25960962]]"
47408368,"[[5488, 22986, 5336, 17808, 5478, 5171141], [5486]]"
47414490,"[[42772167, 42723426, 34929376, 43650372, 43759781, 36980009, 41553608, 46279523, 8238258, 55897300, 50661555, 11125639, 32672283, 46279909, 38979900, 33975261, 27592278, 349303, 46226442], [1337691, 46636745, 27479, 14653, 1285472, 39691334, 52841199, 39127395, 7515849, 13919, 4028355, 7515849]]"
47432141,"[[3434750, 31717], [9087364]]"
47541491,"[[36991518, 3434750], [14653, 13919, 7515849, 11125639]]"
47554146,"[[44173900, 9087364], [27479, 377735, 39516228, 7515849, 7515849]]"
47695166,"[[73374, 355699, 285632, 54225447, 8238258, 27421, 1051682, 7515964, 350939, 7247921, 22986, 349303], [17240332, 14653, 167928, 51279323, 21255, 350939, 49918844]]"
47738055,"[[10575869, 26215470, 7163325, 56699003, 11232022, 9087364, 27754208, 37822472, 5671006, 13998889, 9087364, 13698067, 3285814, 26532055, 1088385, 3782354, 199866], [7515890, 14653, 3434750, 5042916, 80777, 25391, 4627429, 31717, 39584363, 13919, 4689264, 76972, 15420, 7515928, 48557707, 36991518, 21148, 69680, 11125639, 899044, 1498529, 679693, 3343, 36532581, 14532, 7515964, 45671374, 19291, 5843419, 696035, 7515849]]"
47769620,"[[12241851], [1186383], [21383]]"
47807103,"[[9354, 8087628, 17957135], [9087364, 9087364]]"
47839259,"[[44352016], [3470, 3679]]"
47862807,"[[32672283, 55897300, 42772167, 46279909, 46226442, 113453, 46279523, 42723426, 36980009, 33975261, 38996379, 50661555, 53015755], [48945528, 14653, 13919, 23626646, 7515849]]"
47894039,"[[11125639], [46504296, 5007895, 46504388, 3969667, 41251201, 49073548, 50500996, 48502780, 25960962, 49073548, 69680, 44168589, 36497032]]"
47894196,"[[1799523, 11125639], [48502780]]"
47959396,"[[44742232, 3434750, 737, 737, 24457252], [30635]]"
48026864,"[[14653, 10918072, 25391], [9087364], [32672283, 53015755, 40191241, 3434750, 39458215, 33975261, 48205248, 8238258, 11125639, 349303, 46226442]]"
48140837,"[[9282173, 330536, 39237, 745595, 311752], [4655071, 13913, 492331]]"
48173894,"[[32672283, 42772167, 44553641, 34929376, 36980009, 46226442, 48740996], [27479, 48026864, 25391, 1526308, 39516228, 7515849, 7515849]]"
48246508,"[[1441792, 46636745, 27479, 14653, 48026864, 25391, 1526308, 48027962, 51636511, 39584363, 13919, 7515849, 23626646], [32672283, 14912557, 41553608, 38979900, 3434750, 43650372, 34929376, 8238258, 43826405, 50661555, 11125639, 27592278, 349303], [9087364]]"
48268881,"[[5613522, 27479, 14653, 1285472, 48026864, 25391, 1526308, 4028355, 48027962, 39127395, 7515849, 13919, 41577685], [9087364]]"
48344957,"[[1337691, 52598934, 48026864, 25391, 1526308, 3423927, 377735, 41206934, 39127395, 13919, 7515849], [9087364]]"
48344977,"[[32672283, 27592278, 47149729], [39516228, 7515849, 27479, 7515849]]"
48444530,"[[47052815, 27754535, 48205248, 43683196], [9087364]]"
48518391,"[[11125639], [69680]]"
48534286,"[[679693, 3434750, 5042916, 36991518, 7515928, 69680, 48557707, 31717], [9087364, 9087364]]"
48584133,"[[1799523, 11125639], [69680, 48502780]]"
48717200,"[[1337691, 27479, 39691334, 48026864, 25391, 52841199, 1526308, 51636511, 7515849, 13919, 7515849], [32672283, 34929376, 50661555, 11125639, 27592278, 7515849]]"
48721540,"[[1337691, 14653, 39691334, 25391, 7515849, 13919, 7515849], [41553608, 42772167, 42723426, 34929376, 43650372, 43759781, 46279523, 8238258, 54013944, 55897300, 36980009, 50661555, 11125639, 32672283, 46279909, 38979900, 27592278, 349303, 46226442, 7515849]]"
48736140,"[[4317752, 17957135, 1678525, 9354, 8087628], [3373084, 43896591, 49501412, 9087364, 15012, 40902522, 52530043, 9087364, 33653498, 41146802, 30726095]]"
48811661,"[[3434750, 3343, 11867, 737], [737, 4512092]]"
48836637,"[[11867], [44173900, 9087364]]"
48858440,"[[679693, 3434750, 5042916, 11125639, 31717, 5843419], [9087364]]"
48917998,"[[48205248, 47052815], [9087364]]"
48926881,"[[4689264, 3434750, 5042916, 7515928, 4627429, 27145721, 31717, 5843419, 2076117], [9087364]]"
48998216,"[[201574, 17240332, 46636745, 5773650, 14653, 36991518, 1000530, 25391, 7515928, 10918072, 41487145, 44596915, 36497032, 33220], [448079, 14653, 3434750, 285632, 44120002, 3197182, 58550278, 349303, 746, 21133]]"
49008012,"[[4689264, 80777, 3434750, 5042916, 679693, 7515928, 31717, 5843419], [9087364]]"
49017409,"[[4689264, 3434750, 5042916, 7515928, 4627429, 27145721, 31717, 5843419, 2076117], [9087364]]"
49029229,"[[32672283, 34929376], [3114977, 27479, 25391, 1526308, 39516228, 7515849, 13919]]"
49138149,"[[9087364], [43546022, 25391, 25709, 1526308, 377735, 39127395, 7515849]]"
49163733,"[[3434750], [14653]]"
49169602,"[[23769768], [21383]]"
49229566,"[[32672283, 34929376, 36980009], [27479, 48026864, 25391, 1526308, 39516228, 7515849, 41577685, 7515849]]"
49237906,"[[5613522, 14653, 1285472, 48026864, 25391, 7515928, 1526308, 3423927, 377735, 4028355, 39127395, 7515849, 41577685], [9087364]]"
49253463,"[[31750], [25391]]"
49296683,"[[12968316, 9087364], [36817379, 7003026, 27358, 188171]]"
49324669,"[[1441792, 46636745, 14653, 36497032, 25391, 46644335, 48205248, 7515928, 44168589, 48027962, 13919, 7515849, 48361442, 23626646], [32672283, 45550932, 41553608, 42723426, 39458215, 36980009, 33975261, 34929376, 8238258, 11125639, 50166991, 44852952, 43826405, 349303]]"
49413593,"[[7515849, 27479], [9087364]]"
49444525,"[[31750, 22936, 16642, 15536335], [1088385]]"
49472478,"[[48205248, 43683196, 47052815], [9087364]]"
49494806,"[[11125639], [69680]]"
49535487,"[[25391, 48361442, 1526308, 3423927, 377735, 39127395, 7515849, 13919], [32672283, 42772167, 9087364, 33975261]]"
49552580,"[[23440], [50650448, 9087364]]"
49557536,"[[7515890, 46230181, 31167279, 167928, 18933277, 34252, 8238258, 27421, 7515964, 350939, 19291, 349303], [54251566, 69328, 26091881, 56524477], [9087364, 9087364]]"
49580088,"[[17240332, 167928, 34252, 45341600, 350939], [46876689, 31167279, 478947, 34252, 350939, 7247921, 349303]]"
49584267,"[[4689264, 14653, 3434750, 7515928, 4627429, 27145721, 31717, 4028355, 2076117], [44468710, 9087364]]"
49595164,"[[31717, 3434750, 7515928], [12786576, 17349645]]"
49654085,"[[48205248, 43683196], [9087364]]"
49655786,"[[3434750, 3966054], [16881931]]"
49662049,"[[44742232, 3434750, 737, 737, 24457252], [9087364, 9087364]]"
49674922,"[[46213555, 9087364, 33653498], [13888982, 30188, 32804105, 32903440]]"
49719190,"[[679693], [9087364, 9087364]]"
49748211,"[[17240332], [350939, 350939, 34252]]"
49750417,"[[42105], [68714]]"
49778805,"[[1441792, 46636745, 27479, 14653, 52781816, 25391, 23626646, 46264336, 26961, 48027962, 13919, 41577685, 7515849], [9087364]]"
49780249,"[[32672283, 33975261], [42772167, 34929376]]"
49822738,"[[46213555, 9087364, 49674922, 9087364, 33653498], [13888982, 30188, 32903440, 31717, 32804105]]"
49842103,"[[3434750, 3966054], [16881931]]"
49869327,"[[4689264, 3434750, 7515928, 4627429, 27145721, 31717, 2076117], [9087364]]"
49884448,"[[7515890, 69328, 18933277, 349303, 20259145], [36502956, 18933277]]"
49884455,"[[3434750, 14579], [51108414, 2216, 57455383, 38254984, 208636, 9087364, 46666812, 103100]]"
49941844,"[[32672283, 43650372], [9087364]]"
49945156,"[[17240332, 45341600, 350939], [69328, 31167279, 18933277, 350939, 349303]]"
49952431,"[[17240332, 7929394, 350939], [69328, 31167279, 3434750, 46230181, 27421, 350939, 19291, 349303]]"
49965286,"[[21148], [9087364]]"
50021902,"[[10918072, 65220], [746]]"
50026418,"[[47052815, 3434750, 11867, 27754535, 48205248, 31717, 5843419], [9087364]]"
50031447,"[[1337691, 27479, 25391, 1526308, 7515849, 7515849], [9087364]]"
50040794,"[[32672283, 3434750, 33975261, 52136190, 11125639, 48713162, 46226442], [9087364]]"
50081957,"[[9087364], [7515849, 39458215, 7515849]]"
50115436,"[[23440], [2216]]"
50131231,"[[23438, 170691], [28521]]"
50141601,"[[737], [737, 4512092]]"
50270967,"[[45220740, 36991518, 36497032, 18888507], [27479, 41206934, 39127395, 7515849, 7515849]]"
50279101,"[[3458], [17238567]]"
50370491,"[[3114977, 52598934, 27479, 39516228, 7515849, 13919], [33975261, 32672283, 34929376, 27592278]]"
50398937,"[[31717, 48934397, 14532], [46213555, 9087364]]"
50428648,"[[17633, 572319, 35457665, 5843419], [43521481, 17633, 46213555, 42853150, 9087364, 33653498, 37607443, 43521406]]"
50445824,"[[14653], [63767373, 2006740, 2006740, 3969667, 3272421, 3054594, 3197182, 49010325, 25659771]]"
50537462,"[[9087364], [7515849, 25391, 7515849]]"
50562888,"[[50236583, 34929376, 426077], [39458215]]"
50564571,"[[42028814, 46636745, 3114977, 27479, 25391, 7515928, 48027962, 56927798, 7515849, 48361442, 23626646, 39490756], [53015755, 36980009, 39458215, 50236583]]"
50570967,"[[7515928, 4627429, 27145721, 2076117], [9087364]]"
50608718,"[[14653, 7515928, 53375814], [9087364, 44468710]]"
50697181,"[[1799523, 11125639], [69680, 48502780]]"
50706004,"[[1337691, 42028814, 27479, 52781816, 25391, 1526308, 39516228, 41577685, 7515849], [9087364]]"
50787604,"[[58704893, 17633, 32090, 3434750, 35021571, 3434750, 14532, 20518076, 48934397], [46213555, 9087364]]"
50822377,"[[14912557, 32672283, 42772167, 46279909, 42723426, 34929376, 36980009, 33975261, 50661555, 46226442], [1441792, 46636745, 14653, 25391, 26961, 56640947, 48027962, 7515849, 48361442, 13919, 7515849]]"
50869354,"[[3114977, 42028814, 27479, 13919, 7515849], [32672283, 34929376, 33975261, 51684992, 5183633, 42577177]]"
50874127,"[[17238590], [187749]]"
50947073,"[[32672283, 3434750, 5183633, 33975261, 7515964], [44468710]]"
50965575,"[[14653, 48026864, 25391, 914782, 44168589, 48027962, 13919, 41577685, 2892082, 46636745, 39691334, 48205248, 1526308, 7515849, 2933920, 48361442, 27479, 1285472, 36497032], [46279909, 46279523, 33975261, 36980009, 50661555, 11125639, 34929376, 58641342, 46226442, 47141292, 199866]]"
50971554,"[[3454], [566821]]"
50972423,"[[1337691, 27479, 14653, 48026864, 25391, 7515849, 13919], [54013944, 32672283, 46279909, 40191241, 42723426, 33975261, 36980009, 50661555, 34929376, 46226442]]"
50982198,"[[3434750, 11867], [17015903, 27358]]"
51017777,"[[3114977, 52598934, 27479, 39516228, 7515849, 13919, 7515849], [50236583, 39458215, 34929376, 33975261, 36980009]]"
51034100,"[[2363203], [42792943, 2407248]]"
51057266,"[[42792943, 32350676, 2691327, 17561856, 6761596, 17873743, 966760, 27421, 49117326, 366517], [32350676, 1246506, 2691327, 32635358, 6761596]]"
51082294,"[[1799523, 69328, 465085, 465070, 1799517, 465103, 30205, 11125639, 1109945, 8087628, 51082878], [50587536, 41307649, 30205, 11125639, 27751097]]"
51124681,"[[19127], [35175793]]"
51152913,"[[9282173], [13919]]"
51215957,"[[44168589, 27479, 39127395, 7515849, 25391, 48026864, 48205248, 1526308, 36497032, 48361442, 13919], [36980009, 47141292, 34929376, 33975261]]"
51306078,"[[46279909, 53228134, 46279523, 36980009, 34929376, 11125639, 50661555, 58641342, 46226442, 47141292, 199866], [46636745, 27479, 14653, 39691334, 48026864, 25391, 1526308, 48027962, 7515849, 48361442, 13919, 41577685]]"
51363135,"[[3434750, 18888507, 36991518, 44168589, 39033876, 36497032], [14653, 3423927, 377735, 39127395, 7515849, 13919]]"
51467906,"[[54013944, 32672283, 42772167, 46279909, 42723426, 43759781, 33975261, 36980009, 34929376, 50661555, 46226442], [1337691, 52598934, 27479, 14653, 48026864, 25391, 1526308, 7515849, 13919, 7515849]]"
51494541,"[[3114977, 14653, 25391, 23943, 51636511, 7515849, 13919, 7515849], [32672283, 9282173, 34929376, 39458215, 39240428, 36980009, 53015755, 7515849], [9087364, 50671501]]"
51538647,"[[12745881, 905857, 1966992, 905817, 2227620, 466160, 21391, 21383, 611381, 2227627, 672930], [52024291, 44431, 49020788, 50559711]]"
51569955,"[[32672283, 9087364, 43650372, 33975261, 36980009, 34929376], [41418491, 1337691, 27479, 13919, 7515849]]"
51582053,"[[737, 24457252, 737], [30635]]"
51623970,"[[44742232, 13327465, 3434750, 212681, 737], [2159021, 30635, 737, 23235, 21484846]]"
51715299,"[[14653, 25391, 48027962, 26106154, 48361442, 13919, 41577685, 7515849], [47141292, 36980009, 34929376]]"
51717172,"[[27479, 48026864, 25391, 1526308, 39516228, 7515849, 48361442, 13919, 41577685], [34929376, 36980009, 47141292]]"
51790746,"[[6032559], [2216]]"
51804742,"[[446834], [4611195]]"
51846074,"[[14533], [16293969, 39446246]]"
51853708,"[[3434750, 737, 44742232, 737], [30635]]"
51903438,"[[37086105, 36980009], [34929376, 42772167, 9087364]]"
52047926,"[[27479, 51613664, 25391, 48205248, 7515849], [53235629, 11125639, 33975261]]"
52121616,"[[46636745, 50360137, 14653, 25391, 48027962, 48361442, 13919, 41577685, 7515849], [46226442, 47141292, 199866]]"
52157060,"[[7515849, 27479], [36980009, 34929376]]"
52203959,"[[54218690, 12, 47052815, 679693, 3434750, 18499, 11867, 25391, 92357, 48205248, 56455780, 31717, 5843419, 7515849], [9087364]]"
52265488,"[[32672283, 3434750, 25391, 33975261, 11125639], [9087364], [52421800, 27479, 39691334, 51613664, 25391, 48205248, 13919, 7515849]]"
52286370,"[[3434750, 737, 737], [30635]]"
52320383,"[[46636745, 1337691, 50360137, 14653, 25391, 48205248, 45671374, 7515849, 48361442, 13919, 41577685, 7515849], [47141292, 34929376]]"
52522761,"[[9087364], [46636745, 50360137, 14653, 25391, 46264336, 13919, 7515849]]"
52617256,"[[14533], [408215, 20820147, 842117]]"
52619632,"[[3470], [53380035, 9087364, 9087364]]"
52681466,"[[31750], [42626250]]"
52700953,"[[52781816, 25391, 23943, 7515849, 13919, 7515849], [32672283, 39458215, 34929376, 33975261, 36980009]]"
52715015,"[[31816], [8105379]]"
52735392,"[[40262213, 41251201, 36991518, 33975261, 44168589, 36497032], [36980009, 9087364, 34929376]]"
52796060,"[[32672283, 39942236, 3434750, 39458215, 33975261, 36980009, 7515964, 53015755], [9087364]]"
52831491,"[[57744, 64185388, 5571], [5571]]"
52882611,"[[9087364], [7515849, 25391]]"
52915580,"[[73374, 392406, 100420, 22444319, 1718417, 65656], [12067, 52379828, 69854, 52619710, 65656, 21383, 27278, 19127, 30138, 36848]]"
52919780,"[[25391, 48026864, 45671374, 13919, 7515849], [9087364]]"
52966989,"[[32672283, 46279909, 42723426, 39458215, 33975261, 36980009, 37086105], [55897300, 42772167, 50661555, 43826405, 34929376, 53015755], [42772167, 9087364]]"
53056518,"[[12968316, 9087364], [36817379, 7003026, 27358, 188171]]"
53068501,"[[31750], [42425747, 25391]]"
53074717,"[[32672283, 9087364, 34929376, 33975261, 8238258, 38063706, 11125639, 39955935, 38033498], [7515849, 27479, 7515849]]"
53116244,"[[12968316], [31816, 7003026]]"
53135590,"[[198100, 14512590, 3383, 1042168, 36651, 26925289, 3637], [80408, 209811]]"
53150878,"[[53150866, 9087364], [233569]]"
53151856,"[[19457], [38106209], [52247136]]"
53164060,"[[50360137, 25391, 13919, 7515849], [9087364]]"
53164828,"[[25709, 25391], [30205, 11125639]]"
53171918,"[[32672283, 43650372, 39458215, 33975261, 57765652, 44556870, 36980009, 53015755], [3366175, 27479, 14653, 25391, 7515849, 13919]]"
53187215,"[[23235], [44284567, 18953699, 23402634]]"
53272395,"[[4054894, 23369, 32131564, 2159021, 377433, 23235, 1965925, 9371583, 1183789], [8947933, 48893730, 371256, 40850508, 18953699, 30635, 9087364, 389363, 737, 27645462, 21017661, 44120002, 10832740, 9087364, 44284567, 6010135, 23402634]]"
53294589,"[[9087364, 50671501], [32672283, 53015755, 1414459, 33975261]]"
53300739,"[[3114977, 7515849, 48027962, 27479], [32672283, 39458215, 33975261, 36980009, 53015755]]"
53381259,"[[25659771, 36532581], [69680, 27754535]]"
53415419,"[[17633, 469556, 43521406, 58704893, 48934397, 36362979], [17633, 8006190, 69328, 19468532, 35457665]]"
53450288,"[[50699971, 27479, 3434750, 25391, 1526308, 13919, 7515849], [32672283, 42723426, 52136190, 33975261, 36980009, 11125639]]"
53505916,"[[7515849, 13919, 25391, 7515849], [9087364]]"
53511128,"[[9282173], [7515849]]"
53563323,"[[32672283, 54013944, 46279909, 42723426, 33975261, 36980009, 50661555, 53015755], [46636745, 1337691, 27479, 14653, 25391, 7281998, 7515849, 13919, 41577685, 7515849]]"
53622051,"[[30635], [3434750, 737, 737]]"
53725862,"[[41251201, 36991518, 7515928, 44168589, 1501094, 36497032], [36980009, 9087364, 34929376]]"
53756873,"[[19599929, 25502], [46396]]"
53775184,"[[27479, 167928, 166957, 19650395, 32632702, 377735, 3423927, 41577685, 7515849], [32672283, 32862466, 36402973, 34929376, 11320004, 33975261, 39458215, 36980009, 34904792]]"
53784438,"[[23448, 1313055, 23440], [53894515, 2216, 50650448, 9087364]]"
53849233,"[[30635, 21484846], [737]]"
53867757,"[[408215], [14533]]"
53899276,"[[9087364, 9087364], [30635], [737]]"
53957460,"[[50236583, 36980009, 39458215], [50236583, 53015755]]"
53967605,"[[23235], [737]]"
54011807,"[[31717, 3434750], [30635, 737, 332667]]"
54011971,"[[46636745, 27479, 14653, 25391, 45671374, 13919, 7515849, 69328, 8087628, 7515849], [32672283, 3434750, 21241, 33975261, 7515964, 31717], [9087364]]"
54012283,"[[1526308, 25391, 27479, 7515849], [9087364]]"
54039258,"[[30635, 737], [737]]"
54040152,"[[21950, 21591049], [18953699]]"
54041179,"[[36562665, 48231101, 41149725, 27479, 80777, 36991518, 69680, 44168589, 36970065, 41206934, 7515849, 39033876, 36497032], [32672283, 1921, 32862466, 33975261, 59692126, 34929376, 33975261, 37866634, 36980009, 9087364, 39606222]]"
54078575,"[[7515928, 3434750, 31717], [9087364]]"
54090100,"[[48934397, 17633, 43521406], [19468532, 17633]]"
54118340,"[[4689264, 2821886, 9282173, 3434750, 25391, 51673, 23440, 5405], [9087364]]"
54136045,"[[39584363, 27479, 30854661, 14653, 1285472, 578961, 32632702, 23626646, 1441792, 39516228, 39127395, 7515849, 26106154, 13919, 39490756, 7515849], [32672283, 33975261, 38063706, 27592278, 39606222, 38033498], [36562665, 41149725, 40262213, 48231101, 69680, 679693, 18888507, 36991518, 44168589, 44168999, 39033876, 36497032]]"
54221890,"[[46636745, 27479, 14653, 166957, 25391, 7515849, 13919], [32672283, 43650372, 39458215, 33975261, 57765652, 44556870, 36980009, 53015755]]"
54225447,"[[19117, 5488, 5403, 12027, 17633, 69328, 51425, 18933277, 21373, 18778516, 27278, 7515964, 17207794, 349303, 8087628], [17633, 14653, 8238258, 11125639, 20742, 48934397, 13913]]"
54229944,"[[25391, 7515849, 48361442, 13919, 7515849], [9087364]]"
54234483,"[[36497032, 47052815, 3434750, 18499, 11867, 31717, 27754535, 92357, 48205248, 36991518, 11522238, 5843419], [9087364]]"
54265391,"[[3434750, 36817379, 27358], [12968316]]"
54294089,"[[9794248], [69328, 31167279, 3434750, 350939, 349303], [9087364]]"
54304001,"[[12968316, 9087364], [233569]]"
54353359,"[[9087364, 9087364, 23235, 457263, 10946695], [3434750, 30635, 44742232, 737]]"
54359300,"[[7515849], [50236583]]"
54363632,"[[1526308, 25391, 27479, 7515849], [9087364]]"
54395935,"[[32672283, 9282173, 265355, 43650372, 33975261, 53015755], [7515849, 27479]]"
54614926,"[[33975261, 36980009, 11125639, 37086105, 53235629], [43826405, 50661555, 53015755, 34929376]]"
54647873,"[[46636745, 27479, 14653, 52781816, 39691334, 25391, 23943, 45671374, 48361442, 13919, 7515849], [42772167, 9087364]]"
54675905,"[[14653, 3434750, 17771, 7515849, 13919, 7515849], [32672283, 53015755, 33975261], [9087364]]"
54678091,"[[2421391, 14533], [5405]]"
54779186,"[[12968316, 9087364], [31816, 36817379, 27358, 7003026]]"
54863936,"[[21255], [4689264, 9317, 27019, 3434750, 15573]]"
54911443,"[[32350676, 1246506, 2691327, 6761596, 31816, 30884032], [42792943, 32350676, 2407248]]"
54964051,"[[679693, 7515928], [9087364]]"
54993041,"[[44352016], [3470, 3679]]"
55009300,"[[7515928], [9087364]]"
55009347,"[[5171141, 5171141], [35541996]]"
55184859,"[[47052815, 3434750, 36991518, 21148, 25391, 48205248, 7515928, 31717, 5843419], [59497310, 9087364]]"
55295284,"[[7515928], [9087364]]"
55312998,"[[7515849, 27479, 25391], [9087364]]"
55331986,"[[32672283, 42723426, 33975261, 36980009, 50661555, 53015755], [27479, 7515849, 25391, 7515849]]"
55344096,"[[17633, 27358, 14653, 8238258, 11125639, 20742, 13913, 30726095], [17633, 69328, 18933277, 19468532, 7515964, 349303, 8087628]]"
55407582,"[[32672283, 3434750, 5183633, 33975261, 7515964], [9087364]]"
55463819,"[[349303], [26961]]"
55480782,"[[679693, 899044], [9087364, 9087364]]"
55518868,"[[7515849, 27479, 25391], [9087364]]"
55538595,"[[53015755, 11125639, 53235629], [27479, 13919, 7515849], [53015755, 58786028]]"
55541108,"[[3434750, 21373, 5843419], [9087364]]"
55543269,"[[7515928], [69680, 3949386]]"
55545589,"[[14653, 7515928, 70789, 11125639], [679693, 69680, 70789, 3197182, 1330553]]"
55573645,"[[7281998, 13919, 402587, 7515849], [32672283, 33975261, 36980009, 53015755, 42577177]]"
55573803,"[[46636745, 3366175, 27479, 14653, 52781816, 25391, 56927798, 7515849], [9087364]]"
55581205,"[[42772167, 9087364], [32672283, 54013944, 1921, 42723426, 33975261, 36980009, 50661555, 43826405, 53015755, 58018929], [27479, 14653, 25391, 48361442, 13919, 7515849]]"
55753690,"[[46636745, 27479, 14653, 47994144, 25391, 45671374, 1285472, 48361442, 13919, 7515849], [9087364]]"
55764129,"[[14653, 17771, 5843419, 13919], [7515890, 349303, 18933277, 69328]]"
55814563,"[[50236583, 36980009, 53015755], [42028814, 3366175, 27479, 25391, 7515849]]"
55840086,"[[46636745, 27479, 14653, 25391, 45671374, 13919, 7515849], [9087364]]"
55946261,"[[17240332, 26568072, 51279323, 350939], [46230181, 69328, 167928, 350939, 349303]]"
56082093,"[[451855, 14533, 4510642, 951098, 343949, 31725559, 446834], [1625335, 1889563, 23235, 649718]]"
56119804,"[[30118, 17416221, 25391, 31816, 19301], [455441, 9087364, 22625]]"
56166758,"[[17240332, 7929394, 167928, 51279323, 34252, 350939, 215609], [46876689, 31167279, 478947, 34252, 350939, 29468661]]"
56206379,"[[1015555, 30118, 76762], [1258240]]"
56350318,"[[11125639, 53235629], [47052815, 14653, 36991518, 48557707, 7515849, 7515849]]"
56354010,"[[53235629, 11125639], [47052815, 14653, 36991518, 48557707, 7515849, 7515849]]"
56407509,"[[841673], [48192]]"
56431953,"[[34252, 31167279, 350939, 349303], [54251566, 69328, 26091881, 56524477]]"
56536344,"[[48205248, 3434750], [27475, 46636745, 50360137, 25391, 54750187, 7515849]]"
56546485,"[[9282173], [14653, 7515849]]"
56588857,"[[69328, 31167279, 57619358, 26091881, 349303, 350939, 59327857, 57750717], [17240332, 51279323, 13919, 350939]]"
56603365,"[[34593948, 1463123], [19127]]"
56603736,"[[34593948, 1463123], [19127, 38215267]]"
56603938,"[[19127], [34593948, 30875850, 1463123, 35175793]]"
56607739,"[[19127, 19135], [34593948, 35175793, 1463123]]"
56608117,"[[19127, 19135], [34593948, 1463123]]"
56612885,"[[34593948, 1463123], [35175793, 30875850]]"
56615287,"[[32672283, 53015755, 39458215, 42577177], [9087364]]"
56621047,"[[34593948, 1463123], [30875850, 34959730]]"
56621329,"[[34593948, 1463123], [30875850, 34959730]]"
56640408,"[[30188], [33653498]]"
56641235,"[[37086105, 42723426, 33975261, 38996379, 36980009, 43826405], [53015755, 50661555]]"
56642693,"[[31750], [42425747, 42626250]]"
56656382,"[[32672283, 50236583, 44942466, 39458215, 33975261, 36980009, 53015755], [42028814, 46636745, 27479, 14653, 25391, 52841199, 51636511, 13919, 43399040, 7515849], [9087364, 9087364]]"
56789734,"[[5843419, 57676844, 57643509], [53401088, 9087364, 1921]]"
56835626,"[[408215], [14533]]"
56873784,"[[9087364], [32672283, 27479, 1403972, 33975261, 56927798, 53015755, 7515849]]"
56944198,"[[1921, 9087364], [54251566, 69328, 3434750, 26091881, 34252, 27421, 350939], [17240332, 7929394, 167928, 51279323, 34252, 350939, 215609]]"
56944752,"[[42028814, 25391, 23943, 13919, 43399040, 7515849], [46332804, 53015755, 39458215, 9087364]]"
56956733,"[[23769768], [21383]]"
57001635,"[[11125639], [69680]]"
57011980,"[[12968316], [36817379, 7003026, 27358]]"
57126550,"[[5843419], [53401088]]"
57138991,"[[9087364], [14653, 25391, 7515928, 13919, 7515849]]"
57153533,"[[3470, 3434750, 9356, 31769, 39280286, 5843419], [53401088]]"
57170868,"[[5447], [841514]]"
57186086,"[[5843419], [30875850]]"
57194858,"[[7515849, 27479, 7515849], [53015755, 33975261]]"
57232388,"[[7515849, 25391], [44940689, 53015755, 33975261]]"
57273395,"[[54750187, 27475, 25391, 7515849], [48205248]]"
57309838,"[[19457], [2288455]]"
57354291,"[[350939], [69328]]"
57379801,"[[14653, 7515849], [9282173]]"
57424127,"[[3434750, 737, 44742232, 737], [30635]]"
57452436,"[[34890586, 13888982, 67658, 18933277], [14653, 1285472, 56694430]]"
57475128,"[[17633, 69328, 19468532, 19196722, 5843419, 8087628], [58703743, 17633, 1921, 9087364, 46663242, 58809987]]"
57598655,"[[19127], [9087364]]"
57610709,"[[57676844, 57643509], [9087364]]"
57644459,"[[1337691, 13919, 27479, 7515849], [9087364]]"
57645711,"[[1051830, 46636745, 1337691, 3114977, 27479, 14653, 25391, 7281998, 8632, 39584363, 48361442, 13919, 41577685, 7515849], [32672283, 1414459, 43650372, 39458215, 33975261, 38996379, 44383901, 36980009, 53015755], [9087364, 9087364, 50671501]]"
57674419,"[[69328, 31167279, 3434750, 57619358, 26091881, 27421, 350939, 57750717, 59327857, 718749, 349303, 5843419], [14653, 17240332, 51279323, 350939]]"
57728678,"[[10918072], [746]]"
58033605,"[[5447], [841514]]"
58097100,"[[1337691, 3114977, 27479, 25391, 23943, 13919, 7515849], [9087364]]"
58118629,"[[3434750, 737], [30635, 737]]"
58135196,"[[30635], [9087364, 9087364, 737]]"
58360766,"[[5447], [841514]]"
58450520,"[[7515849], [36991518]]"
58461297,"[[17633], [51270972, 17633, 32738122], [48934397, 17633, 42853150]]"
58463872,"[[42028814, 1337691, 27479, 14653, 25391, 48361442, 13919, 41577685, 7515849], [54013944, 14912557, 58094541, 51030405, 43759781, 57536888, 33975261, 50661555, 11125639, 58786028, 53015755, 53228134, 53235629]]"
58580238,"[[2076117, 14653, 3434750, 5042916, 4627429, 31717, 11867, 7515928, 8238258, 21133, 36991518, 21148, 3949386, 899044, 14532, 45671374, 5843419, 8087628], [44468710, 9087364, 56699003]]"
58656804,"[[11125639], [36991518, 43877175, 36991518]]"
59083508,"[[8238258], [35457665, 19468532, 17633]]"
59155839,"[[146790, 1281036, 1526308, 25391], [1590554, 31750]]"
59190567,"[[32672283, 41553608, 3434750, 39458215, 36980009, 33975261, 38996379, 8238258, 36980009, 11125639, 43826405, 349303, 5843419], [42772167, 1921, 34929376, 8238258, 349303, 53015755], [42772167, 44754490, 58535466, 9087364, 9087364, 46578189]]"
59327526,"[[44468710, 55738736, 14653, 33975261, 9087364, 58930164, 57916403, 11125639, 9087364, 53235629, 7515849], [3434750, 36991518, 18888507, 36991518, 48205248, 92357, 69680, 31717, 5843419]]"
59484348,"[[35457665], [43521406]]"
59556099,"[[53015755, 55703739], [53235629, 57536888, 25391, 33975261]]"
59580637,"[[35457665, 17633], [5488, 9087364, 60114545]]"
59786164,"[[12186, 12190, 2703270], [12186, 12194]]"
59857224,"[[5488, 1246506, 17633, 69328, 19468532, 19196722, 35457665, 5843419], [5488, 40392249, 17633, 47878183, 43681764, 35021571, 48934397, 35541996], [46213555, 9087364]]"
59907327,"[[47052815, 3434750, 48205248, 7515928, 31717, 5843419, 7515849], [59497310, 9087364, 9087364]]"
59925776,"[[25391], [31750]]"
59926667,"[[25391], [31750]]"
59939323,"[[9282173], [14653, 13919, 7515849]]"
59996403,"[[7515928, 26215470], [3434750]]"
60058196,"[[194200, 3434750, 21241, 737], [30635, 3299139, 737]]"
60086893,"[[451855, 14533], [23235], [1625335]]"
60088883,"[[23235], [14533]]"
60090930,"[[5488, 215864, 5447, 21373, 21383], [23769768, 23769768]]"
60170107,"[[3454, 44561920, 171166, 23033, 31769, 5478, 5843419], [63585036]]"
60282162,"[[7515928], [69680, 27754535]]"
60331553,"[[26667, 14532, 194200], [37778, 30635]]"
60374252,"[[245423, 1253897, 8029, 25645, 31816], [34399, 701, 76762]]"
60396614,"[[14653, 25391, 7515928, 23943, 13919, 43399040, 7515849], [9087364, 9087364]]"
60421389,"[[17633, 8006190, 9282173, 43053874, 69328, 25391, 1548209, 19468532, 27421, 58671972, 7515964, 5171141, 54750187, 35457665, 349303, 5843419, 8087628, 7515849], [17633, 8006190, 42853150, 35021571, 469556, 1548209, 33975261, 8238258, 2087487, 11125639, 48934397, 53235629, 60425636]]"
60469131,"[[27421, 27425], [27421, 27429]]"
60483044,"[[33975261, 30205, 11125639, 53235629], [59858448, 36991518, 36991518, 48205248, 27479, 7515849]]"
60527662,"[[9087364], [48205248, 3434750]]"
60601060,"[[26750], [9087364, 60551922, 9087364]]"
60604854,"[[7888518], [25127405]]"
60669530,"[[13093253, 748820, 12047, 40067475, 13913], [9282173]]"
60706413,"[[42028814, 43399040, 14653, 39691334, 25391, 54383588, 23943, 13919, 41577685, 7515849], [14912557, 54013944, 33975261, 58786028, 30635, 51030405, 57536888, 53015755, 50661555, 53235629, 53228134]]"
60788761,"[[5447], [3779347, 18681435]]"
60895741,"[[11125639], [69680]]"
61341822,"[[3434750, 349303, 9282173], [14653, 17240332, 45671374]]"
61583511,"[[31167279, 34252, 349303, 350939], [54251566, 56524477, 69328]]"
61679641,"[[17240332, 350939], [349303]]"
61740153,"[[27475, 25391, 7515849], [58018929, 55703739, 33975261, 51030405, 53015755, 36980009, 46226442, 56718004], [42772167, 9087364, 56652137, 9087364, 56718004], [33975261, 62310946, 42723426, 57536888, 38996379, 36980009, 43826405, 11125639, 51678526]]"
61822348,"[[13412132, 846251, 59919543], [44107893]]"
61849132,"[[19196675, 27421], [32350676, 19196675]]"
61913712,"[[51279323, 17240332, 350939], [349303, 29468661]]"
62075976,"[[33975261, 11125639, 53235629], [36991518]]"
62144210,"[[3966054], [16881931]]"
62174783,"[[48205248, 3434750, 7515928, 11125639], [9087364, 9087364, 56718004]]"
62260017,"[[14579], [541409, 1320430]]"
62322265,"[[9282173], [13093253]]"
62335888,"[[11125639], [69680]]"
62364188,"[[46636745, 50360137, 14653, 25391, 7515928, 45671374, 13919, 7515849], [54013944, 33975261, 51030405, 57536888, 53015755, 50661555, 58786028, 11125639, 64419153, 53235629]]"
62436900,"[[3434750, 9282173], [14653, 1285472, 45671374]]"
62563768,"[[21373], [23769768, 9087364]]"
62630444,"[[35006872], [365009, 3966054, 23384265]]"
62639473,"[[69328, 3434750, 76972, 11867, 14532, 7515964, 31717, 349303, 5843419, 43683196], [42772167, 46279523, 43904665, 50661555, 9087364, 58786028, 36980009, 53015755, 56718004], [14653, 7515849, 25391, 7515849]]"
62662570,"[[3470], [9087364, 9087364]]"
62753256,"[[17633, 39162083, 33975261, 11125639, 48934397], [17633, 25391, 19468532, 54750187, 8087628, 7515849]]"
62794200,"[[3434750, 188171], [12968316, 1921]]"
62796559,"[[21373], [9087364, 55577612]]"
62835673,"[[17633, 47878183, 103054, 48934397], [2642924, 35457665, 17633, 35541996]]"
62882097,"[[27479, 39516228, 7515849], [33975261, 32672283]]"
63252002,"[[11125639], [14653, 13919, 7515849]]"
63298588,"[[76762, 1015555, 76762], [62473340]]"
63336167,"[[23235, 1965925, 10429702], [3434750, 427806], [30635, 1921, 737]]"
63495972,"[[51279323, 17240332, 350939], [31167279, 34252, 350939, 349303, 29468661]]"
63571017,"[[17416221, 5478], [5478]]"
63629935,"[[451855, 14533], [16293969]]"
63733479,"[[31769, 44561920], [41275480]]"
63756798,"[[63579572, 63598951], [41275480], [23235, 5447, 44561920]]"
63770069,"[[32350676, 31816], [34232529, 32350676, 42792943]]"
63783797,"[[63579572], [50274669, 33422708], [5486, 5478, 44561920, 23235, 25645, 23033]]"
63838928,"[[63579572, 63585036], [5486, 41275480, 5478, 44561920]]"
63862683,"[[32460, 25391, 1150827, 32374, 5042481], [3434750, 6533708]]"
63874934,"[[5447], [841514]]"
63882736,"[[33975261, 33975261], [27479, 7515849, 13919], [9087364, 9087364]]"
63914196,"[[14533], [5405]]"
63939431,"[[14653], [14653]]"
64176187,"[[32632702, 13919, 27479, 7515849], [33975261, 32672283, 1414459]]"
64279052,"[[14653, 2508, 11125639], [69680, 3969667]]"
64285067,"[[17240332, 7929394, 350939], [69328, 31167279, 3434750, 46230181, 27421, 350939, 349303]]"
64352860,"[[17633, 8006190, 35021571, 1548209, 33975261, 11125639, 48934397, 53235629], [17633, 8006190, 69328, 25391, 1548209, 19468532, 54750187, 35457665, 8087628]]"
64373643,"[[53015755], [43397821, 37099354, 56718004]]"
64529517,"[[10918072], [746]]"
64665248,"[[3434750, 5843419], [30875850]]"
64786838,"[[469639], [298010, 43667081]]"
64964648,"[[9087364, 61369191], [19309, 17416221, 19301]]"
64986670,"[[10634933, 22986, 19127, 5405, 5843419], [19127, 19135]]"
65011724,"[[62473340], [76762, 1015555, 76762]]"
65027340,"[[17240332, 350939], [31167279, 29468661, 350939, 34252], [9087364, 9087364]]"
65261467,"[[48934397, 17633, 42853150], [19468532, 35457665, 17633]]"
65268074,"[[171166, 14833748, 5217236, 12593188], [66890]]"
65421260,"[[5447], [841514]]"
65431221,"[[73374, 8862873, 746, 11125639], [214413, 10918072, 25391, 44596915]]"
65478657,"[[12067, 12075], [65619842]]"
65548110,"[[11125639], [69680]]"
65553955,"[[5447], [841514]]"
65597470,"[[69680], [11125639]]"
65625298,"[[746], [10918072, 1000530]]"
65676927,"[[746], [10918072, 1000530]]"
65686536,"[[746], [10918072, 1000530]]"
65760352,"[[1746653, 27358, 69328, 1746709, 9405, 17238590, 187749, 2483633, 371307], [357350, 3767942, 1276759, 17238590]]"
65787844,"[[746], [10918072, 1000530]]"
65834445,"[[19291, 19291], [201574, 38762388, 38762388]]"
65835807,"[[14533], [23235]]"
65874202,"[[357350], [1746709, 17238590, 187749]]"
65922276,"[[746], [10918072, 1000530]]"
65985342,"[[33975261, 11125639, 53235629], [36991518, 36991518]]"
66186256,"[[9405, 187749], [1276759, 4853315, 6223534]]"
66202818,"[[9087364, 9087364], [7515928, 11752991]]"
66204551,"[[9087364, 9087364], [7515928, 11752991]]"
66233120,"[[27421], [1746653, 1746709, 9405, 187749], [1276759]]"
66373764,"[[5488, 21373, 44984997], [23769768]]"
66383742,"[[5488, 21373], [23769768]]"
66384676,"[[23769768], [21383]]"
66391098,"[[23769768], [21383]]"
66527448,"[[36991518], [7515849]]"
66530305,"[[21383], [44431, 49020788]]"
66567997,"[[20390, 19457], [20394]]"
